X1,X2,X3,X4,X5,X6,X7,X8,target
0.9999999999999998,0.0,0.2857142857142856,0.0,1.0,0.0,0.0,0.0,15.55
0.9999999999999998,0.0,0.2857142857142856,0.0,1.0,0.33333333333333337,0.0,0.0,15.55
0.9999999999999998,0.0,0.2857142857142856,0.0,1.0,0.6666666666666666,0.0,0.0,15.55
0.9999999999999998,0.0,0.2857142857142856,0.0,1.0,0.9999999999999999,0.0,0.0,15.55
0.7777777777777779,0.16666666666666652,0.4285714285714286,0.11111111111111116,1.0,0.0,0.0,0.0,20.84
0.7777777777777779,0.16666666666666652,0.4285714285714286,0.11111111111111116,1.0,0.33333333333333337,0.0,0.0,21.46
0.7777777777777779,0.16666666666666652,0.4285714285714286,0.11111111111111116,1.0,0.6666666666666666,0.0,0.0,20.71
0.7777777777777779,0.16666666666666652,0.4285714285714286,0.11111111111111116,1.0,0.9999999999999999,0.0,0.0,19.68
0.6666666666666667,0.25,0.2857142857142856,0.33333333333333326,1.0,0.0,0.0,0.0,19.5
0.6666666666666667,0.25,0.2857142857142856,0.33333333333333326,1.0,0.33333333333333337,0.0,0.0,19.95
0.6666666666666667,0.25,0.2857142857142856,0.33333333333333326,1.0,0.6666666666666666,0.0,0.0,19.34
0.6666666666666667,0.25,0.2857142857142856,0.33333333333333326,1.0,0.9999999999999999,0.0,0.0,18.31
0.5555555555555556,0.33333333333333304,0.4285714285714286,0.33333333333333326,1.0,0.0,0.0,0.0,17.05
0.5555555555555556,0.33333333333333304,0.4285714285714286,0.33333333333333326,1.0,0.33333333333333337,0.0,0.0,17.41
0.5555555555555556,0.33333333333333304,0.4285714285714286,0.33333333333333326,1.0,0.6666666666666666,0.0,0.0,16.95
0.5555555555555556,0.33333333333333304,0.4285714285714286,0.33333333333333326,1.0,0.9999999999999999,0.0,0.0,15.98
0.47222222222222254,0.4166666666666665,0.5714285714285714,0.33333333333333326,1.0,0.0,0.0,0.0,28.52
0.47222222222222254,0.4166666666666665,0.5714285714285714,0.33333333333333326,1.0,0.33333333333333337,0.0,0.0,29.9
0.47222222222222254,0.4166666666666665,0.5714285714285714,0.33333333333333326,1.0,0.6666666666666666,0.0,0.0,29.63
0.47222222222222254,0.4166666666666665,0.5714285714285714,0.33333333333333326,1.0,0.9999999999999999,0.0,0.0,28.75
0.38888888888888906,0.5,0.9999999999999998,0.11111111111111116,1.0,0.0,0.0,0.0,24.77
0.38888888888888906,0.5,0.9999999999999998,0.11111111111111116,1.0,0.33333333333333337,0.0,0.0,23.93
0.38888888888888906,0.5,0.9999999999999998,0.11111111111111116,1.0,0.6666666666666666,0.0,0.0,24.77
0.38888888888888906,0.5,0.9999999999999998,0.11111111111111116,1.0,0.9999999999999999,0.0,0.0,23.93
0.33333333333333326,0.583333333333333,0.0,1.0,0.0,0.0,0.0,0.0,6.07
0.33333333333333326,0.583333333333333,0.0,1.0,0.0,0.33333333333333337,0.0,0.0,6.05
0.33333333333333326,0.583333333333333,0.0,1.0,0.0,0.6666666666666666,0.0,0.0,6.01
0.33333333333333326,0.583333333333333,0.0,1.0,0.0,0.9999999999999999,0.0,0.0,6.04
0.25,0.6666666666666665,0.1428571428571428,1.0,0.0,0.0,0.0,0.0,6.37
0.25,0.6666666666666665,0.1428571428571428,1.0,0.0,0.33333333333333337,0.0,0.0,6.4
0.25,0.6666666666666665,0.1428571428571428,1.0,0.0,0.6666666666666666,0.0,0.0,6.366
0.25,0.6666666666666665,0.1428571428571428,1.0,0.0,0.9999999999999999,0.0,0.0,6.4
0.19444444444444442,0.75,0.2857142857142856,1.0,0.0,0.0,0.0,0.0,6.85
0.19444444444444442,0.75,0.2857142857142856,1.0,0.0,0.33333333333333337,0.0,0.0,6.79
0.19444444444444442,0.75,0.2857142857142856,1.0,0.0,0.6666666666666666,0.0,0.0,6.77
0.19444444444444442,0.75,0.2857142857142856,1.0,0.0,0.9999999999999999,0.0,0.0,6.81
0.11111111111111116,0.833333333333333,0.4285714285714286,1.0,0.0,0.0,0.0,0.0,7.18
0.11111111111111116,0.833333333333333,0.4285714285714286,1.0,0.0,0.33333333333333337,0.0,0.0,7.1
0.11111111111111116,0.833333333333333,0.4285714285714286,1.0,0.0,0.6666666666666666,0.0,0.0,7.1
0.11111111111111116,0.833333333333333,0.4285714285714286,1.0,0.0,0.9999999999999999,0.0,0.0,7.1
0.05555555555555558,0.9166666666666665,0.5714285714285714,1.0,0.0,0.0,0.0,0.0,10.85
0.05555555555555558,0.9166666666666665,0.5714285714285714,1.0,0.0,0.33333333333333337,0.0,0.0,10.54
0.05555555555555558,0.9166666666666665,0.5714285714285714,1.0,0.0,0.6666666666666666,0.0,0.0,10.77
0.05555555555555558,0.9166666666666665,0.5714285714285714,1.0,0.0,0.9999999999999999,0.0,0.0,10.56
0.0,1.0,0.7142857142857142,1.0,0.0,0.0,0.0,0.0,8.6
0.0,1.0,0.7142857142857142,1.0,0.0,0.33333333333333337,0.0,0.0,8.49
0.0,1.0,0.7142857142857142,1.0,0.0,0.6666666666666666,0.0,0.0,8.45
0.0,1.0,0.7142857142857142,1.0,0.0,0.9999999999999999,0.0,0.0,8.5
0.9999999999999998,0.0,0.2857142857142856,0.0,1.0,0.0,0.25,0.2,24.58
0.9999999999999998,0.0,0.2857142857142856,0.0,1.0,0.33333333333333337,0.25,0.2,24.63
0.9999999999999998,0.0,0.2857142857142856,0.0,1.0,0.6666666666666666,0.25,0.2,24.63
0.9999999999999998,0.0,0.2857142857142856,0.0,1.0,0.9999999999999999,0.25,0.2,24.59
0.7777777777777779,0.16666666666666652,0.4285714285714286,0.11111111111111116,1.0,0.0,0.25,0.2,29.03
0.7777777777777779,0.16666666666666652,0.4285714285714286,0.11111111111111116,1.0,0.33333333333333337,0.25,0.2,29.87
0.7777777777777779,0.16666666666666652,0.4285714285714286,0.11111111111111116,1.0,0.6666666666666666,0.25,0.2,29.14
0.7777777777777779,0.16666666666666652,0.4285714285714286,0.11111111111111116,1.0,0.9999999999999999,0.25,0.2,28.09
0.6666666666666667,0.25,0.2857142857142856,0.33333333333333326,1.0,0.0,0.25,0.2,26.28
0.6666666666666667,0.25,0.2857142857142856,0.33333333333333326,1.0,0.33333333333333337,0.25,0.2,26.91
0.6666666666666667,0.25,0.2857142857142856,0.33333333333333326,1.0,0.6666666666666666,0.25,0.2,26.37
0.6666666666666667,0.25,0.2857142857142856,0.33333333333333326,1.0,0.9999999999999999,0.25,0.2,25.27
0.5555555555555556,0.33333333333333304,0.4285714285714286,0.33333333333333326,1.0,0.0,0.25,0.2,23.53
0.5555555555555556,0.33333333333333304,0.4285714285714286,0.33333333333333326,1.0,0.33333333333333337,0.25,0.2,24.03
0.5555555555555556,0.33333333333333304,0.4285714285714286,0.33333333333333326,1.0,0.6666666666666666,0.25,0.2,23.54
0.5555555555555556,0.33333333333333304,0.4285714285714286,0.33333333333333326,1.0,0.9999999999999999,0.25,0.2,22.58
0.47222222222222254,0.4166666666666665,0.5714285714285714,0.33333333333333326,1.0,0.0,0.25,0.2,35.56
0.47222222222222254,0.4166666666666665,0.5714285714285714,0.33333333333333326,1.0,0.33333333333333337,0.25,0.2,37.12
0.47222222222222254,0.4166666666666665,0.5714285714285714,0.33333333333333326,1.0,0.6666666666666666,0.25,0.2,36.9
0.47222222222222254,0.4166666666666665,0.5714285714285714,0.33333333333333326,1.0,0.9999999999999999,0.25,0.2,35.94
0.38888888888888906,0.5,0.9999999999999998,0.11111111111111116,1.0,0.0,0.25,0.2,32.96
0.38888888888888906,0.5,0.9999999999999998,0.11111111111111116,1.0,0.33333333333333337,0.25,0.2,32.12
0.38888888888888906,0.5,0.9999999999999998,0.11111111111111116,1.0,0.6666666666666666,0.25,0.2,32.94
0.38888888888888906,0.5,0.9999999999999998,0.11111111111111116,1.0,0.9999999999999999,0.25,0.2,32.21
0.33333333333333326,0.583333333333333,0.0,1.0,0.0,0.0,0.25,0.2,10.36
0.33333333333333326,0.583333333333333,0.0,1.0,0.0,0.33333333333333337,0.25,0.2,10.43
0.33333333333333326,0.583333333333333,0.0,1.0,0.0,0.6666666666666666,0.25,0.2,10.36
0.33333333333333326,0.583333333333333,0.0,1.0,0.0,0.9999999999999999,0.25,0.2,10.39
0.25,0.6666666666666665,0.1428571428571428,1.0,0.0,0.0,0.25,0.2,10.71
0.25,0.6666666666666665,0.1428571428571428,1.0,0.0,0.33333333333333337,0.25,0.2,10.8
0.25,0.6666666666666665,0.1428571428571428,1.0,0.0,0.6666666666666666,0.25,0.2,10.7
0.25,0.6666666666666665,0.1428571428571428,1.0,0.0,0.9999999999999999,0.25,0.2,10.75
0.19444444444444442,0.75,0.2857142857142856,1.0,0.0,0.0,0.25,0.2,11.11
0.19444444444444442,0.75,0.2857142857142856,1.0,0.0,0.33333333333333337,0.25,0.2,11.13
0.19444444444444442,0.75,0.2857142857142856,1.0,0.0,0.6666666666666666,0.25,0.2,11.09
0.19444444444444442,0.75,0.2857142857142856,1.0,0.0,0.9999999999999999,0.25,0.2,11.16
0.11111111111111116,0.833333333333333,0.4285714285714286,1.0,0.0,0.0,0.25,0.2,11.68
0.11111111111111116,0.833333333333333,0.4285714285714286,1.0,0.0,0.33333333333333337,0.25,0.2,11.69
0.11111111111111116,0.833333333333333,0.4285714285714286,1.0,0.0,0.6666666666666666,0.25,0.2,11.7
0.11111111111111116,0.833333333333333,0.4285714285714286,1.0,0.0,0.9999999999999999,0.25,0.2,11.69
0.05555555555555558,0.9166666666666665,0.5714285714285714,1.0,0.0,0.0,0.25,0.2,15.41
0.05555555555555558,0.9166666666666665,0.5714285714285714,1.0,0.0,0.33333333333333337,0.25,0.2,15.2
0.05555555555555558,0.9166666666666665,0.5714285714285714,1.0,0.0,0.6666666666666666,0.25,0.2,15.42
0.05555555555555558,0.9166666666666665,0.5714285714285714,1.0,0.0,0.9999999999999999,0.25,0.2,15.21
0.0,1.0,0.7142857142857142,1.0,0.0,0.0,0.25,0.2,12.96
0.0,1.0,0.7142857142857142,1.0,0.0,0.33333333333333337,0.25,0.2,12.97
0.0,1.0,0.7142857142857142,1.0,0.0,0.6666666666666666,0.25,0.2,12.93
0.0,1.0,0.7142857142857142,1.0,0.0,0.9999999999999999,0.25,0.2,13.02
0.9999999999999998,0.0,0.2857142857142856,0.0,1.0,0.0,0.25,0.4,24.29
0.9999999999999998,0.0,0.2857142857142856,0.0,1.0,0.33333333333333337,0.25,0.4,24.31
0.9999999999999998,0.0,0.2857142857142856,0.0,1.0,0.6666666666666666,0.25,0.4,24.13
0.9999999999999998,0.0,0.2857142857142856,0.0,1.0,0.9999999999999999,0.25,0.4,24.25
0.7777777777777779,0.16666666666666652,0.4285714285714286,0.11111111111111116,1.0,0.0,0.25,0.4,28.88
0.7777777777777779,0.16666666666666652,0.4285714285714286,0.11111111111111116,1.0,0.33333333333333337,0.25,0.4,29.68
0.7777777777777779,0.16666666666666652,0.4285714285714286,0.11111111111111116,1.0,0.6666666666666666,0.25,0.4,28.83
0.7777777777777779,0.16666666666666652,0.4285714285714286,0.11111111111111116,1.0,0.9999999999999999,0.25,0.4,27.9
0.6666666666666667,0.25,0.2857142857142856,0.33333333333333326,1.0,0.0,0.25,0.4,26.48
0.6666666666666667,0.25,0.2857142857142856,0.33333333333333326,1.0,0.33333333333333337,0.25,0.4,27.02
0.6666666666666667,0.25,0.2857142857142856,0.33333333333333326,1.0,0.6666666666666666,0.25,0.4,26.33
0.6666666666666667,0.25,0.2857142857142856,0.33333333333333326,1.0,0.9999999999999999,0.25,0.4,25.36
0.5555555555555556,0.33333333333333304,0.4285714285714286,0.33333333333333326,1.0,0.0,0.25,0.4,23.75
0.5555555555555556,0.33333333333333304,0.4285714285714286,0.33333333333333326,1.0,0.33333333333333337,0.25,0.4,24.23
0.5555555555555556,0.33333333333333304,0.4285714285714286,0.33333333333333326,1.0,0.6666666666666666,0.25,0.4,23.67
0.5555555555555556,0.33333333333333304,0.4285714285714286,0.33333333333333326,1.0,0.9999999999999999,0.25,0.4,22.79
0.47222222222222254,0.4166666666666665,0.5714285714285714,0.33333333333333326,1.0,0.0,0.25,0.4,35.65
0.47222222222222254,0.4166666666666665,0.5714285714285714,0.33333333333333326,1.0,0.33333333333333337,0.25,0.4,37.26
0.47222222222222254,0.4166666666666665,0.5714285714285714,0.33333333333333326,1.0,0.6666666666666666,0.25,0.4,36.97
0.47222222222222254,0.4166666666666665,0.5714285714285714,0.33333333333333326,1.0,0.9999999999999999,0.25,0.4,36.03
0.38888888888888906,0.5,0.9999999999999998,0.11111111111111116,1.0,0.0,0.25,0.4,33.16
0.38888888888888906,0.5,0.9999999999999998,0.11111111111111116,1.0,0.33333333333333337,0.25,0.4,32.4
0.38888888888888906,0.5,0.9999999999999998,0.11111111111111116,1.0,0.6666666666666666,0.25,0.4,33.12
0.38888888888888906,0.5,0.9999999999999998,0.11111111111111116,1.0,0.9999999999999999,0.25,0.4,32.41
0.33333333333333326,0.583333333333333,0.0,1.0,0.0,0.0,0.25,0.4,10.42
0.33333333333333326,0.583333333333333,0.0,1.0,0.0,0.33333333333333337,0.25,0.4,10.46
0.33333333333333326,0.583333333333333,0.0,1.0,0.0,0.6666666666666666,0.25,0.4,10.32
0.33333333333333326,0.583333333333333,0.0,1.0,0.0,0.9999999999999999,0.25,0.4,10.45
0.25,0.6666666666666665,0.1428571428571428,1.0,0.0,0.0,0.25,0.4,10.64
0.25,0.6666666666666665,0.1428571428571428,1.0,0.0,0.33333333333333337,0.25,0.4,10.72
0.25,0.6666666666666665,0.1428571428571428,1.0,0.0,0.6666666666666666,0.25,0.4,10.55
0.25,0.6666666666666665,0.1428571428571428,1.0,0.0,0.9999999999999999,0.25,0.4,10.68
0.19444444444444442,0.75,0.2857142857142856,1.0,0.0,0.0,0.25,0.4,11.45
0.19444444444444442,0.75,0.2857142857142856,1.0,0.0,0.33333333333333337,0.25,0.4,11.46
0.19444444444444442,0.75,0.2857142857142856,1.0,0.0,0.6666666666666666,0.25,0.4,11.32
0.19444444444444442,0.75,0.2857142857142856,1.0,0.0,0.9999999999999999,0.25,0.4,11.49
0.11111111111111116,0.833333333333333,0.4285714285714286,1.0,0.0,0.0,0.25,0.4,11.45
0.11111111111111116,0.833333333333333,0.4285714285714286,1.0,0.0,0.33333333333333337,0.25,0.4,11.42
0.11111111111111116,0.833333333333333,0.4285714285714286,1.0,0.0,0.6666666666666666,0.25,0.4,11.33
0.11111111111111116,0.833333333333333,0.4285714285714286,1.0,0.0,0.9999999999999999,0.25,0.4,11.43
0.05555555555555558,0.9166666666666665,0.5714285714285714,1.0,0.0,0.0,0.25,0.4,15.41
0.05555555555555558,0.9166666666666665,0.5714285714285714,1.0,0.0,0.33333333333333337,0.25,0.4,15.18
0.05555555555555558,0.9166666666666665,0.5714285714285714,1.0,0.0,0.6666666666666666,0.25,0.4,15.34
0.05555555555555558,0.9166666666666665,0.5714285714285714,1.0,0.0,0.9999999999999999,0.25,0.4,15.19
0.0,1.0,0.7142857142857142,1.0,0.0,0.0,0.25,0.4,12.88
0.0,1.0,0.7142857142857142,1.0,0.0,0.33333333333333337,0.25,0.4,13.0
0.0,1.0,0.7142857142857142,1.0,0.0,0.6666666666666666,0.25,0.4,12.97
0.0,1.0,0.7142857142857142,1.0,0.0,0.9999999999999999,0.25,0.4,13.04
0.9999999999999998,0.0,0.2857142857142856,0.0,1.0,0.0,0.25,0.6000000000000001,24.28
0.9999999999999998,0.0,0.2857142857142856,0.0,1.0,0.33333333333333337,0.25,0.6000000000000001,24.4
0.9999999999999998,0.0,0.2857142857142856,0.0,1.0,0.6666666666666666,0.25,0.6000000000000001,24.11
0.9999999999999998,0.0,0.2857142857142856,0.0,1.0,0.9999999999999999,0.25,0.6000000000000001,24.35
0.7777777777777779,0.16666666666666652,0.4285714285714286,0.11111111111111116,1.0,0.0,0.25,0.6000000000000001,28.07
0.7777777777777779,0.16666666666666652,0.4285714285714286,0.11111111111111116,1.0,0.33333333333333337,0.25,0.6000000000000001,29.01
0.7777777777777779,0.16666666666666652,0.4285714285714286,0.11111111111111116,1.0,0.6666666666666666,0.25,0.6000000000000001,29.62
0.7777777777777779,0.16666666666666652,0.4285714285714286,0.11111111111111116,1.0,0.9999999999999999,0.25,0.6000000000000001,29.05
0.6666666666666667,0.25,0.2857142857142856,0.33333333333333326,1.0,0.0,0.25,0.6000000000000001,25.41
0.6666666666666667,0.25,0.2857142857142856,0.33333333333333326,1.0,0.33333333333333337,0.25,0.6000000000000001,26.47
0.6666666666666667,0.25,0.2857142857142856,0.33333333333333326,1.0,0.6666666666666666,0.25,0.6000000000000001,26.89
0.6666666666666667,0.25,0.2857142857142856,0.33333333333333326,1.0,0.9999999999999999,0.25,0.6000000000000001,26.46
0.5555555555555556,0.33333333333333304,0.4285714285714286,0.33333333333333326,1.0,0.0,0.25,0.6000000000000001,22.93
0.5555555555555556,0.33333333333333304,0.4285714285714286,0.33333333333333326,1.0,0.33333333333333337,0.25,0.6000000000000001,23.84
0.5555555555555556,0.33333333333333304,0.4285714285714286,0.33333333333333326,1.0,0.6666666666666666,0.25,0.6000000000000001,24.17
0.5555555555555556,0.33333333333333304,0.4285714285714286,0.33333333333333326,1.0,0.9999999999999999,0.25,0.6000000000000001,23.87
0.47222222222222254,0.4166666666666665,0.5714285714285714,0.33333333333333326,1.0,0.0,0.25,0.6000000000000001,35.78
0.47222222222222254,0.4166666666666665,0.5714285714285714,0.33333333333333326,1.0,0.33333333333333337,0.25,0.6000000000000001,35.48
0.47222222222222254,0.4166666666666665,0.5714285714285714,0.33333333333333326,1.0,0.6666666666666666,0.25,0.6000000000000001,36.97
0.47222222222222254,0.4166666666666665,0.5714285714285714,0.33333333333333326,1.0,0.9999999999999999,0.25,0.6000000000000001,36.7
0.38888888888888906,0.5,0.9999999999999998,0.11111111111111116,1.0,0.0,0.25,0.6000000000000001,32.52
0.38888888888888906,0.5,0.9999999999999998,0.11111111111111116,1.0,0.33333333333333337,0.25,0.6000000000000001,33.28
0.38888888888888906,0.5,0.9999999999999998,0.11111111111111116,1.0,0.6666666666666666,0.25,0.6000000000000001,32.33
0.38888888888888906,0.5,0.9999999999999998,0.11111111111111116,1.0,0.9999999999999999,0.25,0.6000000000000001,33.24
0.33333333333333326,0.583333333333333,0.0,1.0,0.0,0.0,0.25,0.6000000000000001,10.39
0.33333333333333326,0.583333333333333,0.0,1.0,0.0,0.33333333333333337,0.25,0.6000000000000001,10.34
0.33333333333333326,0.583333333333333,0.0,1.0,0.0,0.6666666666666666,0.25,0.6000000000000001,10.35
0.33333333333333326,0.583333333333333,0.0,1.0,0.0,0.9999999999999999,0.25,0.6000000000000001,10.38
0.25,0.6666666666666665,0.1428571428571428,1.0,0.0,0.0,0.25,0.6000000000000001,10.77
0.25,0.6666666666666665,0.1428571428571428,1.0,0.0,0.33333333333333337,0.25,0.6000000000000001,10.68
0.25,0.6666666666666665,0.1428571428571428,1.0,0.0,0.6666666666666666,0.25,0.6000000000000001,10.68
0.25,0.6666666666666665,0.1428571428571428,1.0,0.0,0.9999999999999999,0.25,0.6000000000000001,10.7
0.19444444444444442,0.75,0.2857142857142856,1.0,0.0,0.0,0.25,0.6000000000000001,11.22
0.19444444444444442,0.75,0.2857142857142856,1.0,0.0,0.33333333333333337,0.25,0.6000000000000001,11.16
0.19444444444444442,0.75,0.2857142857142856,1.0,0.0,0.6666666666666666,0.25,0.6000000000000001,11.1
0.19444444444444442,0.75,0.2857142857142856,1.0,0.0,0.9999999999999999,0.25,0.6000000000000001,11.14
0.11111111111111116,0.833333333333333,0.4285714285714286,1.0,0.0,0.0,0.25,0.6000000000000001,11.59
0.11111111111111116,0.833333333333333,0.4285714285714286,1.0,0.0,0.33333333333333337,0.25,0.6000000000000001,11.6
0.11111111111111116,0.833333333333333,0.4285714285714286,1.0,0.0,0.6666666666666666,0.25,0.6000000000000001,11.53
0.11111111111111116,0.833333333333333,0.4285714285714286,1.0,0.0,0.9999999999999999,0.25,0.6000000000000001,11.61
0.05555555555555558,0.9166666666666665,0.5714285714285714,1.0,0.0,0.0,0.25,0.6000000000000001,15.16
0.05555555555555558,0.9166666666666665,0.5714285714285714,1.0,0.0,0.33333333333333337,0.25,0.6000000000000001,15.36
0.05555555555555558,0.9166666666666665,0.5714285714285714,1.0,0.0,0.6666666666666666,0.25,0.6000000000000001,15.12
0.05555555555555558,0.9166666666666665,0.5714285714285714,1.0,0.0,0.9999999999999999,0.25,0.6000000000000001,15.36
0.0,1.0,0.7142857142857142,1.0,0.0,0.0,0.25,0.6000000000000001,12.68
0.0,1.0,0.7142857142857142,1.0,0.0,0.33333333333333337,0.25,0.6000000000000001,12.63
0.0,1.0,0.7142857142857142,1.0,0.0,0.6666666666666666,0.25,0.6000000000000001,12.71
0.0,1.0,0.7142857142857142,1.0,0.0,0.9999999999999999,0.25,0.6000000000000001,12.73
0.9999999999999998,0.0,0.2857142857142856,0.0,1.0,0.0,0.25,0.8,24.38
0.9999999999999998,0.0,0.2857142857142856,0.0,1.0,0.33333333333333337,0.25,0.8,24.23
0.9999999999999998,0.0,0.2857142857142856,0.0,1.0,0.6666666666666666,0.25,0.8,24.04
0.9999999999999998,0.0,0.2857142857142856,0.0,1.0,0.9999999999999999,0.25,0.8,24.32
0.7777777777777779,0.16666666666666652,0.4285714285714286,0.11111111111111116,1.0,0.0,0.25,0.8,29.06
0.7777777777777779,0.16666666666666652,0.4285714285714286,0.11111111111111116,1.0,0.33333333333333337,0.25,0.8,28.05
0.7777777777777779,0.16666666666666652,0.4285714285714286,0.11111111111111116,1.0,0.6666666666666666,0.25,0.8,28.86
0.7777777777777779,0.16666666666666652,0.4285714285714286,0.11111111111111116,1.0,0.9999999999999999,0.25,0.8,29.79
0.6666666666666667,0.25,0.2857142857142856,0.33333333333333326,1.0,0.0,0.25,0.8,26.44
0.6666666666666667,0.25,0.2857142857142856,0.33333333333333326,1.0,0.33333333333333337,0.25,0.8,25.37
0.6666666666666667,0.25,0.2857142857142856,0.33333333333333326,1.0,0.6666666666666666,0.25,0.8,26.33
0.6666666666666667,0.25,0.2857142857142856,0.33333333333333326,1.0,0.9999999999999999,0.25,0.8,27.03
0.5555555555555556,0.33333333333333304,0.4285714285714286,0.33333333333333326,1.0,0.0,0.25,0.8,23.8
0.5555555555555556,0.33333333333333304,0.4285714285714286,0.33333333333333326,1.0,0.33333333333333337,0.25,0.8,22.8
0.5555555555555556,0.33333333333333304,0.4285714285714286,0.33333333333333326,1.0,0.6666666666666666,0.25,0.8,23.59
0.5555555555555556,0.33333333333333304,0.4285714285714286,0.33333333333333326,1.0,0.9999999999999999,0.25,0.8,24.24
0.47222222222222254,0.4166666666666665,0.5714285714285714,0.33333333333333326,1.0,0.0,0.25,0.8,36.86
0.47222222222222254,0.4166666666666665,0.5714285714285714,0.33333333333333326,1.0,0.33333333333333337,0.25,0.8,35.89
0.47222222222222254,0.4166666666666665,0.5714285714285714,0.33333333333333326,1.0,0.6666666666666666,0.25,0.8,35.45
0.47222222222222254,0.4166666666666665,0.5714285714285714,0.33333333333333326,1.0,0.9999999999999999,0.25,0.8,37.1
0.38888888888888906,0.5,0.9999999999999998,0.11111111111111116,1.0,0.0,0.25,0.8,33.08
0.38888888888888906,0.5,0.9999999999999998,0.11111111111111116,1.0,0.33333333333333337,0.25,0.8,32.38
0.38888888888888906,0.5,0.9999999999999998,0.11111111111111116,1.0,0.6666666666666666,0.25,0.8,33.09
0.38888888888888906,0.5,0.9999999999999998,0.11111111111111116,1.0,0.9999999999999999,0.25,0.8,32.31
0.33333333333333326,0.583333333333333,0.0,1.0,0.0,0.0,0.25,0.8,10.08
0.33333333333333326,0.583333333333333,0.0,1.0,0.0,0.33333333333333337,0.25,0.8,10.15
0.33333333333333326,0.583333333333333,0.0,1.0,0.0,0.6666666666666666,0.25,0.8,10.07
0.33333333333333326,0.583333333333333,0.0,1.0,0.0,0.9999999999999999,0.25,0.8,10.14
0.25,0.6666666666666665,0.1428571428571428,1.0,0.0,0.0,0.25,0.8,10.66
0.25,0.6666666666666665,0.1428571428571428,1.0,0.0,0.33333333333333337,0.25,0.8,10.68
0.25,0.6666666666666665,0.1428571428571428,1.0,0.0,0.6666666666666666,0.25,0.8,10.53
0.25,0.6666666666666665,0.1428571428571428,1.0,0.0,0.9999999999999999,0.25,0.8,10.72
0.19444444444444442,0.75,0.2857142857142856,1.0,0.0,0.0,0.25,0.8,11.18
0.19444444444444442,0.75,0.2857142857142856,1.0,0.0,0.33333333333333337,0.25,0.8,11.22
0.19444444444444442,0.75,0.2857142857142856,1.0,0.0,0.6666666666666666,0.25,0.8,11.07
0.19444444444444442,0.75,0.2857142857142856,1.0,0.0,0.9999999999999999,0.25,0.8,11.2
0.11111111111111116,0.833333333333333,0.4285714285714286,1.0,0.0,0.0,0.25,0.8,11.44
0.11111111111111116,0.833333333333333,0.4285714285714286,1.0,0.0,0.33333333333333337,0.25,0.8,11.42
0.11111111111111116,0.833333333333333,0.4285714285714286,1.0,0.0,0.6666666666666666,0.25,0.8,11.33
0.11111111111111116,0.833333333333333,0.4285714285714286,1.0,0.0,0.9999999999999999,0.25,0.8,11.43
0.05555555555555558,0.9166666666666665,0.5714285714285714,1.0,0.0,0.0,0.25,0.8,15.4
0.05555555555555558,0.9166666666666665,0.5714285714285714,1.0,0.0,0.33333333333333337,0.25,0.8,15.19
0.05555555555555558,0.9166666666666665,0.5714285714285714,1.0,0.0,0.6666666666666666,0.25,0.8,15.32
0.05555555555555558,0.9166666666666665,0.5714285714285714,1.0,0.0,0.9999999999999999,0.25,0.8,15.16
0.0,1.0,0.7142857142857142,1.0,0.0,0.0,0.25,0.8,12.85
0.0,1.0,0.7142857142857142,1.0,0.0,0.33333333333333337,0.25,0.8,13.04
0.0,1.0,0.7142857142857142,1.0,0.0,0.6666666666666666,0.25,0.8,13.0
0.0,1.0,0.7142857142857142,1.0,0.0,0.9999999999999999,0.25,0.8,13.0
0.9999999999999998,0.0,0.2857142857142856,0.0,1.0,0.0,0.25,1.0,24.35
0.9999999999999998,0.0,0.2857142857142856,0.0,1.0,0.33333333333333337,0.25,1.0,24.33
0.9999999999999998,0.0,0.2857142857142856,0.0,1.0,0.6666666666666666,0.25,1.0,24.03
0.9999999999999998,0.0,0.2857142857142856,0.0,1.0,0.9999999999999999,0.25,1.0,24.26
0.7777777777777779,0.16666666666666652,0.4285714285714286,0.11111111111111116,1.0,0.0,0.25,1.0,29.83
0.7777777777777779,0.16666666666666652,0.4285714285714286,0.11111111111111116,1.0,0.33333333333333337,0.25,1.0,29.08
0.7777777777777779,0.16666666666666652,0.4285714285714286,0.11111111111111116,1.0,0.6666666666666666,0.25,1.0,28.03
0.7777777777777779,0.16666666666666652,0.4285714285714286,0.11111111111111116,1.0,0.9999999999999999,0.25,1.0,29.02
0.6666666666666667,0.25,0.2857142857142856,0.33333333333333326,1.0,0.0,0.25,1.0,27.03
0.6666666666666667,0.25,0.2857142857142856,0.33333333333333326,1.0,0.33333333333333337,0.25,1.0,26.45
0.6666666666666667,0.25,0.2857142857142856,0.33333333333333326,1.0,0.6666666666666666,0.25,1.0,25.36
0.6666666666666667,0.25,0.2857142857142856,0.33333333333333326,1.0,0.9999999999999999,0.25,1.0,26.45
0.5555555555555556,0.33333333333333304,0.4285714285714286,0.33333333333333326,1.0,0.0,0.25,1.0,24.37
0.5555555555555556,0.33333333333333304,0.4285714285714286,0.33333333333333326,1.0,0.33333333333333337,0.25,1.0,23.89
0.5555555555555556,0.33333333333333304,0.4285714285714286,0.33333333333333326,1.0,0.6666666666666666,0.25,1.0,22.89
0.5555555555555556,0.33333333333333304,0.4285714285714286,0.33333333333333326,1.0,0.9999999999999999,0.25,1.0,23.86
0.47222222222222254,0.4166666666666665,0.5714285714285714,0.33333333333333326,1.0,0.0,0.25,1.0,37.03
0.47222222222222254,0.4166666666666665,0.5714285714285714,0.33333333333333326,1.0,0.33333333333333337,0.25,1.0,36.71
0.47222222222222254,0.4166666666666665,0.5714285714285714,0.33333333333333326,1.0,0.6666666666666666,0.25,1.0,36.77
0.47222222222222254,0.4166666666666665,0.5714285714285714,0.33333333333333326,1.0,0.9999999999999999,0.25,1.0,35.48
0.38888888888888906,0.5,0.9999999999999998,0.11111111111111116,1.0,0.0,0.25,1.0,32.31
0.38888888888888906,0.5,0.9999999999999998,0.11111111111111116,1.0,0.33333333333333337,0.25,1.0,33.21
0.38888888888888906,0.5,0.9999999999999998,0.11111111111111116,1.0,0.6666666666666666,0.25,1.0,32.46
0.38888888888888906,0.5,0.9999999999999998,0.11111111111111116,1.0,0.9999999999999999,0.25,1.0,33.27
0.33333333333333326,0.583333333333333,0.0,1.0,0.0,0.0,0.25,1.0,10.47
0.33333333333333326,0.583333333333333,0.0,1.0,0.0,0.33333333333333337,0.25,1.0,10.37
0.33333333333333326,0.583333333333333,0.0,1.0,0.0,0.6666666666666666,0.25,1.0,10.34
0.33333333333333326,0.583333333333333,0.0,1.0,0.0,0.9999999999999999,0.25,1.0,10.39
0.25,0.6666666666666665,0.1428571428571428,1.0,0.0,0.0,0.25,1.0,10.78
0.25,0.6666666666666665,0.1428571428571428,1.0,0.0,0.33333333333333337,0.25,1.0,10.7
0.25,0.6666666666666665,0.1428571428571428,1.0,0.0,0.6666666666666666,0.25,1.0,10.67
0.25,0.6666666666666665,0.1428571428571428,1.0,0.0,0.9999999999999999,0.25,1.0,13.69
0.19444444444444442,0.75,0.2857142857142856,1.0,0.0,0.0,0.25,1.0,11.21
0.19444444444444442,0.75,0.2857142857142856,1.0,0.0,0.33333333333333337,0.25,1.0,11.14
0.19444444444444442,0.75,0.2857142857142856,1.0,0.0,0.6666666666666666,0.25,1.0,11.11
0.19444444444444442,0.75,0.2857142857142856,1.0,0.0,0.9999999999999999,0.25,1.0,11.16
0.11111111111111116,0.833333333333333,0.4285714285714286,1.0,0.0,0.0,0.25,1.0,11.38
0.11111111111111116,0.833333333333333,0.4285714285714286,1.0,0.0,0.33333333333333337,0.25,1.0,11.34
0.11111111111111116,0.833333333333333,0.4285714285714286,1.0,0.0,0.6666666666666666,0.25,1.0,11.22
0.11111111111111116,0.833333333333333,0.4285714285714286,1.0,0.0,0.9999999999999999,0.25,1.0,11.34
0.05555555555555558,0.9166666666666665,0.5714285714285714,1.0,0.0,0.0,0.25,1.0,15.16
0.05555555555555558,0.9166666666666665,0.5714285714285714,1.0,0.0,0.33333333333333337,0.25,1.0,15.37
0.05555555555555558,0.9166666666666665,0.5714285714285714,1.0,0.0,0.6666666666666666,0.25,1.0,15.12
0.05555555555555558,0.9166666666666665,0.5714285714285714,1.0,0.0,0.9999999999999999,0.25,1.0,15.36
0.0,1.0,0.7142857142857142,1.0,0.0,0.0,0.25,1.0,12.59
0.0,1.0,0.7142857142857142,1.0,0.0,0.33333333333333337,0.25,1.0,12.74
0.0,1.0,0.7142857142857142,1.0,0.0,0.6666666666666666,0.25,1.0,12.8
0.0,1.0,0.7142857142857142,1.0,0.0,0.9999999999999999,0.25,1.0,12.62
0.9999999999999998,0.0,0.2857142857142856,0.0,1.0,0.0,0.625,0.2,28.15
0.9999999999999998,0.0,0.2857142857142856,0.0,1.0,0.33333333333333337,0.625,0.2,28.15
0.9999999999999998,0.0,0.2857142857142856,0.0,1.0,0.6666666666666666,0.625,0.2,28.37
0.9999999999999998,0.0,0.2857142857142856,0.0,1.0,0.9999999999999999,0.625,0.2,28.41
0.7777777777777779,0.16666666666666652,0.4285714285714286,0.11111111111111116,1.0,0.0,0.625,0.2,32.68
0.7777777777777779,0.16666666666666652,0.4285714285714286,0.11111111111111116,1.0,0.33333333333333337,0.625,0.2,33.48
0.7777777777777779,0.16666666666666652,0.4285714285714286,0.11111111111111116,1.0,0.6666666666666666,0.625,0.2,32.84
0.7777777777777779,0.16666666666666652,0.4285714285714286,0.11111111111111116,1.0,0.9999999999999999,0.625,0.2,32.0
0.6666666666666667,0.25,0.2857142857142856,0.33333333333333326,1.0,0.0,0.625,0.2,29.54
0.6666666666666667,0.25,0.2857142857142856,0.33333333333333326,1.0,0.33333333333333337,0.625,0.2,30.05
0.6666666666666667,0.25,0.2857142857142856,0.33333333333333326,1.0,0.6666666666666666,0.625,0.2,29.6
0.6666666666666667,0.25,0.2857142857142856,0.33333333333333326,1.0,0.9999999999999999,0.625,0.2,28.66
0.5555555555555556,0.33333333333333304,0.4285714285714286,0.33333333333333326,1.0,0.0,0.625,0.2,26.84
0.5555555555555556,0.33333333333333304,0.4285714285714286,0.33333333333333326,1.0,0.33333333333333337,0.625,0.2,27.27
0.5555555555555556,0.33333333333333304,0.4285714285714286,0.33333333333333326,1.0,0.6666666666666666,0.625,0.2,26.97
0.5555555555555556,0.33333333333333304,0.4285714285714286,0.33333333333333326,1.0,0.9999999999999999,0.625,0.2,26.19
0.47222222222222254,0.4166666666666665,0.5714285714285714,0.33333333333333326,1.0,0.0,0.625,0.2,38.67
0.47222222222222254,0.4166666666666665,0.5714285714285714,0.33333333333333326,1.0,0.33333333333333337,0.625,0.2,40.03
0.47222222222222254,0.4166666666666665,0.5714285714285714,0.33333333333333326,1.0,0.6666666666666666,0.625,0.2,39.86
0.47222222222222254,0.4166666666666665,0.5714285714285714,0.33333333333333326,1.0,0.9999999999999999,0.625,0.2,39.04
0.38888888888888906,0.5,0.9999999999999998,0.11111111111111116,1.0,0.0,0.625,0.2,36.96
0.38888888888888906,0.5,0.9999999999999998,0.11111111111111116,1.0,0.33333333333333337,0.625,0.2,36.13
0.38888888888888906,0.5,0.9999999999999998,0.11111111111111116,1.0,0.6666666666666666,0.625,0.2,36.91
0.38888888888888906,0.5,0.9999999999999998,0.11111111111111116,1.0,0.9999999999999999,0.625,0.2,36.43
0.33333333333333326,0.583333333333333,0.0,1.0,0.0,0.0,0.625,0.2,12.43
0.33333333333333326,0.583333333333333,0.0,1.0,0.0,0.33333333333333337,0.625,0.2,12.5
0.33333333333333326,0.583333333333333,0.0,1.0,0.0,0.6666666666666666,0.625,0.2,12.41
0.33333333333333326,0.583333333333333,0.0,1.0,0.0,0.9999999999999999,0.625,0.2,12.45
0.25,0.6666666666666665,0.1428571428571428,1.0,0.0,0.0,0.625,0.2,12.57
0.25,0.6666666666666665,0.1428571428571428,1.0,0.0,0.33333333333333337,0.625,0.2,12.65
0.25,0.6666666666666665,0.1428571428571428,1.0,0.0,0.6666666666666666,0.625,0.2,12.57
0.25,0.6666666666666665,0.1428571428571428,1.0,0.0,0.9999999999999999,0.625,0.2,12.63
0.19444444444444442,0.75,0.2857142857142856,1.0,0.0,0.0,0.625,0.2,12.78
0.19444444444444442,0.75,0.2857142857142856,1.0,0.0,0.33333333333333337,0.625,0.2,12.93
0.19444444444444442,0.75,0.2857142857142856,1.0,0.0,0.6666666666666666,0.625,0.2,12.73
0.19444444444444442,0.75,0.2857142857142856,1.0,0.0,0.9999999999999999,0.625,0.2,12.72
0.11111111111111116,0.833333333333333,0.4285714285714286,1.0,0.0,0.0,0.625,0.2,13.17
0.11111111111111116,0.833333333333333,0.4285714285714286,1.0,0.0,0.33333333333333337,0.625,0.2,13.18
0.11111111111111116,0.833333333333333,0.4285714285714286,1.0,0.0,0.6666666666666666,0.625,0.2,13.17
0.11111111111111116,0.833333333333333,0.4285714285714286,1.0,0.0,0.9999999999999999,0.625,0.2,13.18
0.05555555555555558,0.9166666666666665,0.5714285714285714,1.0,0.0,0.0,0.625,0.2,17.5
0.05555555555555558,0.9166666666666665,0.5714285714285714,1.0,0.0,0.33333333333333337,0.625,0.2,17.35
0.05555555555555558,0.9166666666666665,0.5714285714285714,1.0,0.0,0.6666666666666666,0.625,0.2,17.52
0.05555555555555558,0.9166666666666665,0.5714285714285714,1.0,0.0,0.9999999999999999,0.625,0.2,17.37
0.0,1.0,0.7142857142857142,1.0,0.0,0.0,0.625,0.2,15.09
0.0,1.0,0.7142857142857142,1.0,0.0,0.33333333333333337,0.625,0.2,15.12
0.0,1.0,0.7142857142857142,1.0,0.0,0.6666666666666666,0.625,0.2,15.08
0.0,1.0,0.7142857142857142,1.0,0.0,0.9999999999999999,0.625,0.2,15.16
0.9999999999999998,0.0,0.2857142857142856,0.0,1.0,0.0,0.625,0.4,28.67
0.9999999999999998,0.0,0.2857142857142856,0.0,1.0,0.33333333333333337,0.625,0.4,28.57
0.9999999999999998,0.0,0.2857142857142856,0.0,1.0,0.6666666666666666,0.625,0.4,28.18
0.9999999999999998,0.0,0.2857142857142856,0.0,1.0,0.9999999999999999,0.625,0.4,28.6
0.7777777777777779,0.16666666666666652,0.4285714285714286,0.11111111111111116,1.0,0.0,0.625,0.4,32.46
0.7777777777777779,0.16666666666666652,0.4285714285714286,0.11111111111111116,1.0,0.33333333333333337,0.625,0.4,33.27
0.7777777777777779,0.16666666666666652,0.4285714285714286,0.11111111111111116,1.0,0.6666666666666666,0.625,0.4,32.33
0.7777777777777779,0.16666666666666652,0.4285714285714286,0.11111111111111116,1.0,0.9999999999999999,0.625,0.4,31.66
0.6666666666666667,0.25,0.2857142857142856,0.33333333333333326,1.0,0.0,0.625,0.4,29.34
0.6666666666666667,0.25,0.2857142857142856,0.33333333333333326,1.0,0.33333333333333337,0.625,0.4,29.87
0.6666666666666667,0.25,0.2857142857142856,0.33333333333333326,1.0,0.6666666666666666,0.625,0.4,29.27
0.6666666666666667,0.25,0.2857142857142856,0.33333333333333326,1.0,0.9999999999999999,0.625,0.4,28.4
0.5555555555555556,0.33333333333333304,0.4285714285714286,0.33333333333333326,1.0,0.0,0.625,0.4,25.74
0.5555555555555556,0.33333333333333304,0.4285714285714286,0.33333333333333326,1.0,0.33333333333333337,0.625,0.4,25.98
0.5555555555555556,0.33333333333333304,0.4285714285714286,0.33333333333333326,1.0,0.6666666666666666,0.625,0.4,25.38
0.5555555555555556,0.33333333333333304,0.4285714285714286,0.33333333333333326,1.0,0.9999999999999999,0.625,0.4,24.94
0.47222222222222254,0.4166666666666665,0.5714285714285714,0.33333333333333326,1.0,0.0,0.625,0.4,38.57
0.47222222222222254,0.4166666666666665,0.5714285714285714,0.33333333333333326,1.0,0.33333333333333337,0.625,0.4,40.19
0.47222222222222254,0.4166666666666665,0.5714285714285714,0.33333333333333326,1.0,0.6666666666666666,0.625,0.4,39.97
0.47222222222222254,0.4166666666666665,0.5714285714285714,0.33333333333333326,1.0,0.9999999999999999,0.625,0.4,38.98
0.38888888888888906,0.5,0.9999999999999998,0.11111111111111116,1.0,0.0,0.625,0.4,36.95
0.38888888888888906,0.5,0.9999999999999998,0.11111111111111116,1.0,0.33333333333333337,0.625,0.4,36.28
0.38888888888888906,0.5,0.9999999999999998,0.11111111111111116,1.0,0.6666666666666666,0.625,0.4,36.86
0.38888888888888906,0.5,0.9999999999999998,0.11111111111111116,1.0,0.9999999999999999,0.625,0.4,36.45
0.33333333333333326,0.583333333333333,0.0,1.0,0.0,0.0,0.625,0.4,12.35
0.33333333333333326,0.583333333333333,0.0,1.0,0.0,0.33333333333333337,0.625,0.4,12.45
0.33333333333333326,0.583333333333333,0.0,1.0,0.0,0.6666666666666666,0.625,0.4,12.16
0.33333333333333326,0.583333333333333,0.0,1.0,0.0,0.9999999999999999,0.625,0.4,12.3
0.25,0.6666666666666665,0.1428571428571428,1.0,0.0,0.0,0.625,0.4,12.33
0.25,0.6666666666666665,0.1428571428571428,1.0,0.0,0.33333333333333337,0.625,0.4,12.29
0.25,0.6666666666666665,0.1428571428571428,1.0,0.0,0.6666666666666666,0.625,0.4,12.2
0.25,0.6666666666666665,0.1428571428571428,1.0,0.0,0.9999999999999999,0.625,0.4,12.49
0.19444444444444442,0.75,0.2857142857142856,1.0,0.0,0.0,0.625,0.4,12.85
0.19444444444444442,0.75,0.2857142857142856,1.0,0.0,0.33333333333333337,0.625,0.4,12.87
0.19444444444444442,0.75,0.2857142857142856,1.0,0.0,0.6666666666666666,0.625,0.4,12.73
0.19444444444444442,0.75,0.2857142857142856,1.0,0.0,0.9999999999999999,0.625,0.4,12.95
0.11111111111111116,0.833333333333333,0.4285714285714286,1.0,0.0,0.0,0.625,0.4,13.05
0.11111111111111116,0.833333333333333,0.4285714285714286,1.0,0.0,0.33333333333333337,0.625,0.4,12.93
0.11111111111111116,0.833333333333333,0.4285714285714286,1.0,0.0,0.6666666666666666,0.625,0.4,12.77
0.11111111111111116,0.833333333333333,0.4285714285714286,1.0,0.0,0.9999999999999999,0.625,0.4,13.0
0.05555555555555558,0.9166666666666665,0.5714285714285714,1.0,0.0,0.0,0.625,0.4,17.14
0.05555555555555558,0.9166666666666665,0.5714285714285714,1.0,0.0,0.33333333333333337,0.625,0.4,16.84
0.05555555555555558,0.9166666666666665,0.5714285714285714,1.0,0.0,0.6666666666666666,0.625,0.4,17.02
0.05555555555555558,0.9166666666666665,0.5714285714285714,1.0,0.0,0.9999999999999999,0.625,0.4,17.11
0.0,1.0,0.7142857142857142,1.0,0.0,0.0,0.625,0.4,14.34
0.0,1.0,0.7142857142857142,1.0,0.0,0.33333333333333337,0.625,0.4,14.66
0.0,1.0,0.7142857142857142,1.0,0.0,0.6666666666666666,0.625,0.4,14.6
0.0,1.0,0.7142857142857142,1.0,0.0,0.9999999999999999,0.625,0.4,14.6
0.9999999999999998,0.0,0.2857142857142856,0.0,1.0,0.0,0.625,0.6000000000000001,28.67
0.9999999999999998,0.0,0.2857142857142856,0.0,1.0,0.33333333333333337,0.625,0.6000000000000001,28.56
0.9999999999999998,0.0,0.2857142857142856,0.0,1.0,0.6666666666666666,0.625,0.6000000000000001,28.17
0.9999999999999998,0.0,0.2857142857142856,0.0,1.0,0.9999999999999999,0.625,0.6000000000000001,28.63
0.7777777777777779,0.16666666666666652,0.4285714285714286,0.11111111111111116,1.0,0.0,0.625,0.6000000000000001,31.63
0.7777777777777779,0.16666666666666652,0.4285714285714286,0.11111111111111116,1.0,0.33333333333333337,0.625,0.6000000000000001,32.4
0.7777777777777779,0.16666666666666652,0.4285714285714286,0.11111111111111116,1.0,0.6666666666666666,0.625,0.6000000000000001,32.68
0.7777777777777779,0.16666666666666652,0.4285714285714286,0.11111111111111116,1.0,0.9999999999999999,0.625,0.6000000000000001,32.29
0.6666666666666667,0.25,0.2857142857142856,0.33333333333333326,1.0,0.0,0.625,0.6000000000000001,28.4
0.6666666666666667,0.25,0.2857142857142856,0.33333333333333326,1.0,0.33333333333333337,0.625,0.6000000000000001,29.4
0.6666666666666667,0.25,0.2857142857142856,0.33333333333333326,1.0,0.6666666666666666,0.625,0.6000000000000001,29.43
0.6666666666666667,0.25,0.2857142857142856,0.33333333333333326,1.0,0.9999999999999999,0.625,0.6000000000000001,29.07
0.5555555555555556,0.33333333333333304,0.4285714285714286,0.33333333333333326,1.0,0.0,0.625,0.6000000000000001,24.7
0.5555555555555556,0.33333333333333304,0.4285714285714286,0.33333333333333326,1.0,0.33333333333333337,0.625,0.6000000000000001,25.48
0.5555555555555556,0.33333333333333304,0.4285714285714286,0.33333333333333326,1.0,0.6666666666666666,0.625,0.6000000000000001,25.37
0.5555555555555556,0.33333333333333304,0.4285714285714286,0.33333333333333326,1.0,0.9999999999999999,0.625,0.6000000000000001,25.17
0.47222222222222254,0.4166666666666665,0.5714285714285714,0.33333333333333326,1.0,0.0,0.625,0.6000000000000001,39.04
0.47222222222222254,0.4166666666666665,0.5714285714285714,0.33333333333333326,1.0,0.33333333333333337,0.625,0.6000000000000001,38.35
0.47222222222222254,0.4166666666666665,0.5714285714285714,0.33333333333333326,1.0,0.6666666666666666,0.625,0.6000000000000001,39.81
0.47222222222222254,0.4166666666666665,0.5714285714285714,0.33333333333333326,1.0,0.9999999999999999,0.625,0.6000000000000001,39.83
0.38888888888888906,0.5,0.9999999999999998,0.11111111111111116,1.0,0.0,0.625,0.6000000000000001,35.99
0.38888888888888906,0.5,0.9999999999999998,0.11111111111111116,1.0,0.33333333333333337,0.625,0.6000000000000001,36.59
0.38888888888888906,0.5,0.9999999999999998,0.11111111111111116,1.0,0.6666666666666666,0.625,0.6000000000000001,35.64
0.38888888888888906,0.5,0.9999999999999998,0.11111111111111116,1.0,0.9999999999999999,0.625,0.6000000000000001,36.52
0.33333333333333326,0.583333333333333,0.0,1.0,0.0,0.0,0.625,0.6000000000000001,11.8
0.33333333333333326,0.583333333333333,0.0,1.0,0.0,0.33333333333333337,0.625,0.6000000000000001,12.03
0.33333333333333326,0.583333333333333,0.0,1.0,0.0,0.6666666666666666,0.625,0.6000000000000001,11.98
0.33333333333333326,0.583333333333333,0.0,1.0,0.0,0.9999999999999999,0.625,0.6000000000000001,11.69
0.25,0.6666666666666665,0.1428571428571428,1.0,0.0,0.0,0.625,0.6000000000000001,12.41
0.25,0.6666666666666665,0.1428571428571428,1.0,0.0,0.33333333333333337,0.625,0.6000000000000001,12.28
0.25,0.6666666666666665,0.1428571428571428,1.0,0.0,0.6666666666666666,0.625,0.6000000000000001,12.1
0.25,0.6666666666666665,0.1428571428571428,1.0,0.0,0.9999999999999999,0.625,0.6000000000000001,12.19
0.19444444444444442,0.75,0.2857142857142856,1.0,0.0,0.0,0.625,0.6000000000000001,12.34
0.19444444444444442,0.75,0.2857142857142856,1.0,0.0,0.33333333333333337,0.625,0.6000000000000001,12.46
0.19444444444444442,0.75,0.2857142857142856,1.0,0.0,0.6666666666666666,0.625,0.6000000000000001,12.31
0.19444444444444442,0.75,0.2857142857142856,1.0,0.0,0.9999999999999999,0.625,0.6000000000000001,12.12
0.11111111111111116,0.833333333333333,0.4285714285714286,1.0,0.0,0.0,0.625,0.6000000000000001,12.97
0.11111111111111116,0.833333333333333,0.4285714285714286,1.0,0.0,0.33333333333333337,0.625,0.6000000000000001,13.01
0.11111111111111116,0.833333333333333,0.4285714285714286,1.0,0.0,0.6666666666666666,0.625,0.6000000000000001,12.74
0.11111111111111116,0.833333333333333,0.4285714285714286,1.0,0.0,0.9999999999999999,0.625,0.6000000000000001,12.84
0.05555555555555558,0.9166666666666665,0.5714285714285714,1.0,0.0,0.0,0.625,0.6000000000000001,16.83
0.05555555555555558,0.9166666666666665,0.5714285714285714,1.0,0.0,0.33333333333333337,0.625,0.6000000000000001,16.93
0.05555555555555558,0.9166666666666665,0.5714285714285714,1.0,0.0,0.6666666666666666,0.625,0.6000000000000001,16.66
0.05555555555555558,0.9166666666666665,0.5714285714285714,1.0,0.0,0.9999999999999999,0.625,0.6000000000000001,16.86
0.0,1.0,0.7142857142857142,1.0,0.0,0.0,0.625,0.6000000000000001,13.91
0.0,1.0,0.7142857142857142,1.0,0.0,0.33333333333333337,0.625,0.6000000000000001,14.34
0.0,1.0,0.7142857142857142,1.0,0.0,0.6666666666666666,0.625,0.6000000000000001,13.95
0.0,1.0,0.7142857142857142,1.0,0.0,0.9999999999999999,0.625,0.6000000000000001,13.99
0.9999999999999998,0.0,0.2857142857142856,0.0,1.0,0.0,0.625,0.8,28.7
0.9999999999999998,0.0,0.2857142857142856,0.0,1.0,0.33333333333333337,0.625,0.8,28.55
0.9999999999999998,0.0,0.2857142857142856,0.0,1.0,0.6666666666666666,0.625,0.8,28.15
0.9999999999999998,0.0,0.2857142857142856,0.0,1.0,0.9999999999999999,0.625,0.8,28.62
0.7777777777777779,0.16666666666666652,0.4285714285714286,0.11111111111111116,1.0,0.0,0.625,0.8,32.67
0.7777777777777779,0.16666666666666652,0.4285714285714286,0.11111111111111116,1.0,0.33333333333333337,0.625,0.8,31.69
0.7777777777777779,0.16666666666666652,0.4285714285714286,0.11111111111111116,1.0,0.6666666666666666,0.625,0.8,32.07
0.7777777777777779,0.16666666666666652,0.4285714285714286,0.11111111111111116,1.0,0.9999999999999999,0.625,0.8,33.28
0.6666666666666667,0.25,0.2857142857142856,0.33333333333333326,1.0,0.0,0.625,0.8,29.47
0.6666666666666667,0.25,0.2857142857142856,0.33333333333333326,1.0,0.33333333333333337,0.625,0.8,28.42
0.6666666666666667,0.25,0.2857142857142856,0.33333333333333326,1.0,0.6666666666666666,0.625,0.8,29.08
0.6666666666666667,0.25,0.2857142857142856,0.33333333333333326,1.0,0.9999999999999999,0.625,0.8,29.88
0.5555555555555556,0.33333333333333304,0.4285714285714286,0.33333333333333326,1.0,0.0,0.625,0.8,25.66
0.5555555555555556,0.33333333333333304,0.4285714285714286,0.33333333333333326,1.0,0.33333333333333337,0.625,0.8,24.96
0.5555555555555556,0.33333333333333304,0.4285714285714286,0.33333333333333326,1.0,0.6666666666666666,0.625,0.8,25.43
0.5555555555555556,0.33333333333333304,0.4285714285714286,0.33333333333333326,1.0,0.9999999999999999,0.625,0.8,26.0
0.47222222222222254,0.4166666666666665,0.5714285714285714,0.33333333333333326,1.0,0.0,0.625,0.8,40.0
0.47222222222222254,0.4166666666666665,0.5714285714285714,0.33333333333333326,1.0,0.33333333333333337,0.625,0.8,38.84
0.47222222222222254,0.4166666666666665,0.5714285714285714,0.33333333333333326,1.0,0.6666666666666666,0.625,0.8,38.33
0.47222222222222254,0.4166666666666665,0.5714285714285714,0.33333333333333326,1.0,0.9999999999999999,0.625,0.8,40.12
0.38888888888888906,0.5,0.9999999999999998,0.11111111111111116,1.0,0.0,0.625,0.8,36.95
0.38888888888888906,0.5,0.9999999999999998,0.11111111111111116,1.0,0.33333333333333337,0.625,0.8,36.45
0.38888888888888906,0.5,0.9999999999999998,0.11111111111111116,1.0,0.6666666666666666,0.625,0.8,36.81
0.38888888888888906,0.5,0.9999999999999998,0.11111111111111116,1.0,0.9999999999999999,0.625,0.8,36.26
0.33333333333333326,0.583333333333333,0.0,1.0,0.0,0.0,0.625,0.8,12.32
0.33333333333333326,0.583333333333333,0.0,1.0,0.0,0.33333333333333337,0.625,0.8,12.3
0.33333333333333326,0.583333333333333,0.0,1.0,0.0,0.6666666666666666,0.625,0.8,12.18
0.33333333333333326,0.583333333333333,0.0,1.0,0.0,0.9999999999999999,0.625,0.8,12.43
0.25,0.6666666666666665,0.1428571428571428,1.0,0.0,0.0,0.625,0.8,12.36
0.25,0.6666666666666665,0.1428571428571428,1.0,0.0,0.33333333333333337,0.625,0.8,12.49
0.25,0.6666666666666665,0.1428571428571428,1.0,0.0,0.6666666666666666,0.625,0.8,12.17
0.25,0.6666666666666665,0.1428571428571428,1.0,0.0,0.9999999999999999,0.625,0.8,12.28
0.19444444444444442,0.75,0.2857142857142856,1.0,0.0,0.0,0.625,0.8,12.91
0.19444444444444442,0.75,0.2857142857142856,1.0,0.0,0.33333333333333337,0.625,0.8,12.95
0.19444444444444442,0.75,0.2857142857142856,1.0,0.0,0.6666666666666666,0.625,0.8,12.67
0.19444444444444442,0.75,0.2857142857142856,1.0,0.0,0.9999999999999999,0.625,0.8,12.86
0.11111111111111116,0.833333333333333,0.4285714285714286,1.0,0.0,0.0,0.625,0.8,12.95
0.11111111111111116,0.833333333333333,0.4285714285714286,1.0,0.0,0.33333333333333337,0.625,0.8,13.0
0.11111111111111116,0.833333333333333,0.4285714285714286,1.0,0.0,0.6666666666666666,0.625,0.8,12.86
0.11111111111111116,0.833333333333333,0.4285714285714286,1.0,0.0,0.9999999999999999,0.625,0.8,12.92
0.05555555555555558,0.9166666666666665,0.5714285714285714,1.0,0.0,0.0,0.625,0.8,16.99
0.05555555555555558,0.9166666666666665,0.5714285714285714,1.0,0.0,0.33333333333333337,0.625,0.8,16.69
0.05555555555555558,0.9166666666666665,0.5714285714285714,1.0,0.0,0.6666666666666666,0.625,0.8,16.56
0.05555555555555558,0.9166666666666665,0.5714285714285714,1.0,0.0,0.9999999999999999,0.625,0.8,16.62
0.0,1.0,0.7142857142857142,1.0,0.0,0.0,0.625,0.8,14.33
0.0,1.0,0.7142857142857142,1.0,0.0,0.33333333333333337,0.625,0.8,14.61
0.0,1.0,0.7142857142857142,1.0,0.0,0.6666666666666666,0.625,0.8,14.61
0.0,1.0,0.7142857142857142,1.0,0.0,0.9999999999999999,0.625,0.8,14.65
0.9999999999999998,0.0,0.2857142857142856,0.0,1.0,0.0,0.625,1.0,28.69
0.9999999999999998,0.0,0.2857142857142856,0.0,1.0,0.33333333333333337,0.625,1.0,28.58
0.9999999999999998,0.0,0.2857142857142856,0.0,1.0,0.6666666666666666,0.625,1.0,28.15
0.9999999999999998,0.0,0.2857142857142856,0.0,1.0,0.9999999999999999,0.625,1.0,28.61
0.7777777777777779,0.16666666666666652,0.4285714285714286,0.11111111111111116,1.0,0.0,0.625,1.0,33.13
0.7777777777777779,0.16666666666666652,0.4285714285714286,0.11111111111111116,1.0,0.33333333333333337,0.625,1.0,32.31
0.7777777777777779,0.16666666666666652,0.4285714285714286,0.11111111111111116,1.0,0.6666666666666666,0.625,1.0,31.53
0.7777777777777779,0.16666666666666652,0.4285714285714286,0.11111111111111116,1.0,0.9999999999999999,0.625,1.0,32.46
0.6666666666666667,0.25,0.2857142857142856,0.33333333333333326,1.0,0.0,0.625,1.0,29.71
0.6666666666666667,0.25,0.2857142857142856,0.33333333333333326,1.0,0.33333333333333337,0.625,1.0,29.09
0.6666666666666667,0.25,0.2857142857142856,0.33333333333333326,1.0,0.6666666666666666,0.625,1.0,28.31
0.6666666666666667,0.25,0.2857142857142856,0.33333333333333326,1.0,0.9999999999999999,0.625,1.0,29.39
0.5555555555555556,0.33333333333333304,0.4285714285714286,0.33333333333333326,1.0,0.0,0.625,1.0,25.7
0.5555555555555556,0.33333333333333304,0.4285714285714286,0.33333333333333326,1.0,0.33333333333333337,0.625,1.0,25.17
0.5555555555555556,0.33333333333333304,0.4285714285714286,0.33333333333333326,1.0,0.6666666666666666,0.625,1.0,24.6
0.5555555555555556,0.33333333333333304,0.4285714285714286,0.33333333333333326,1.0,0.9999999999999999,0.625,1.0,25.49
0.47222222222222254,0.4166666666666665,0.5714285714285714,0.33333333333333326,1.0,0.0,0.625,1.0,39.89
0.47222222222222254,0.4166666666666665,0.5714285714285714,0.33333333333333326,1.0,0.33333333333333337,0.625,1.0,39.83
0.47222222222222254,0.4166666666666665,0.5714285714285714,0.33333333333333326,1.0,0.6666666666666666,0.625,1.0,39.01
0.47222222222222254,0.4166666666666665,0.5714285714285714,0.33333333333333326,1.0,0.9999999999999999,0.625,1.0,38.65
0.38888888888888906,0.5,0.9999999999999998,0.11111111111111116,1.0,0.0,0.625,1.0,35.69
0.38888888888888906,0.5,0.9999999999999998,0.11111111111111116,1.0,0.33333333333333337,0.625,1.0,36.64
0.38888888888888906,0.5,0.9999999999999998,0.11111111111111116,1.0,0.6666666666666666,0.625,1.0,36.06
0.38888888888888906,0.5,0.9999999999999998,0.11111111111111116,1.0,0.9999999999999999,0.625,1.0,36.7
0.33333333333333326,0.583333333333333,0.0,1.0,0.0,0.0,0.625,1.0,12.12
0.33333333333333326,0.583333333333333,0.0,1.0,0.0,0.33333333333333337,0.625,1.0,11.67
0.33333333333333326,0.583333333333333,0.0,1.0,0.0,0.6666666666666666,0.625,1.0,11.64
0.33333333333333326,0.583333333333333,0.0,1.0,0.0,0.9999999999999999,0.625,1.0,12.02
0.25,0.6666666666666665,0.1428571428571428,1.0,0.0,0.0,0.625,1.0,12.27
0.25,0.6666666666666665,0.1428571428571428,1.0,0.0,0.33333333333333337,0.625,1.0,12.19
0.25,0.6666666666666665,0.1428571428571428,1.0,0.0,0.6666666666666666,0.625,1.0,12.25
0.25,0.6666666666666665,0.1428571428571428,1.0,0.0,0.9999999999999999,0.625,1.0,12.27
0.19444444444444442,0.75,0.2857142857142856,1.0,0.0,0.0,0.625,1.0,12.47
0.19444444444444442,0.75,0.2857142857142856,1.0,0.0,0.33333333333333337,0.625,1.0,12.12
0.19444444444444442,0.75,0.2857142857142856,1.0,0.0,0.6666666666666666,0.625,1.0,12.18
0.19444444444444442,0.75,0.2857142857142856,1.0,0.0,0.9999999999999999,0.625,1.0,12.47
0.11111111111111116,0.833333333333333,0.4285714285714286,1.0,0.0,0.0,0.625,1.0,12.93
0.11111111111111116,0.833333333333333,0.4285714285714286,1.0,0.0,0.33333333333333337,0.625,1.0,12.82
0.11111111111111116,0.833333333333333,0.4285714285714286,1.0,0.0,0.6666666666666666,0.625,1.0,12.78
0.11111111111111116,0.833333333333333,0.4285714285714286,1.0,0.0,0.9999999999999999,0.625,1.0,13.02
0.05555555555555558,0.9166666666666665,0.5714285714285714,1.0,0.0,0.0,0.625,1.0,16.73
0.05555555555555558,0.9166666666666665,0.5714285714285714,1.0,0.0,0.33333333333333337,0.625,1.0,16.86
0.05555555555555558,0.9166666666666665,0.5714285714285714,1.0,0.0,0.6666666666666666,0.625,1.0,16.76
0.05555555555555558,0.9166666666666665,0.5714285714285714,1.0,0.0,0.9999999999999999,0.625,1.0,16.92
0.0,1.0,0.7142857142857142,1.0,0.0,0.0,0.625,1.0,13.68
0.0,1.0,0.7142857142857142,1.0,0.0,0.33333333333333337,0.625,1.0,13.99
0.0,1.0,0.7142857142857142,1.0,0.0,0.6666666666666666,0.625,1.0,14.16
0.0,1.0,0.7142857142857142,1.0,0.0,0.9999999999999999,0.625,1.0,13.86
0.9999999999999998,0.0,0.2857142857142856,0.0,1.0,0.0,1.0,0.2,32.26
0.9999999999999998,0.0,0.2857142857142856,0.0,1.0,0.33333333333333337,1.0,0.2,32.26
0.9999999999999998,0.0,0.2857142857142856,0.0,1.0,0.6666666666666666,1.0,0.2,32.49
0.9999999999999998,0.0,0.2857142857142856,0.0,1.0,0.9999999999999999,1.0,0.2,32.53
0.7777777777777779,0.16666666666666652,0.4285714285714286,0.11111111111111116,1.0,0.0,1.0,0.2,36.47
0.7777777777777779,0.16666666666666652,0.4285714285714286,0.11111111111111116,1.0,0.33333333333333337,1.0,0.2,37.24
0.7777777777777779,0.16666666666666652,0.4285714285714286,0.11111111111111116,1.0,0.6666666666666666,1.0,0.2,36.66
0.7777777777777779,0.16666666666666652,0.4285714285714286,0.11111111111111116,1.0,0.9999999999999999,1.0,0.2,35.96
0.6666666666666667,0.25,0.2857142857142856,0.33333333333333326,1.0,0.0,1.0,0.2,31.89
0.6666666666666667,0.25,0.2857142857142856,0.33333333333333326,1.0,0.33333333333333337,1.0,0.2,32.39
0.6666666666666667,0.25,0.2857142857142856,0.33333333333333326,1.0,0.6666666666666666,1.0,0.2,32.09
0.6666666666666667,0.25,0.2857142857142856,0.33333333333333326,1.0,0.9999999999999999,1.0,0.2,31.29
0.5555555555555556,0.33333333333333304,0.4285714285714286,0.33333333333333326,1.0,0.0,1.0,0.2,29.22
0.5555555555555556,0.33333333333333304,0.4285714285714286,0.33333333333333326,1.0,0.33333333333333337,1.0,0.2,29.91
0.5555555555555556,0.33333333333333304,0.4285714285714286,0.33333333333333326,1.0,0.6666666666666666,1.0,0.2,29.53
0.5555555555555556,0.33333333333333304,0.4285714285714286,0.33333333333333326,1.0,0.9999999999999999,1.0,0.2,28.65
0.47222222222222254,0.4166666666666665,0.5714285714285714,0.33333333333333326,1.0,0.0,1.0,0.2,41.4
0.47222222222222254,0.4166666666666665,0.5714285714285714,0.33333333333333326,1.0,0.33333333333333337,1.0,0.2,42.62
0.47222222222222254,0.4166666666666665,0.5714285714285714,0.33333333333333326,1.0,0.6666666666666666,1.0,0.2,42.5
0.47222222222222254,0.4166666666666665,0.5714285714285714,0.33333333333333326,1.0,0.9999999999999999,1.0,0.2,41.67
0.38888888888888906,0.5,0.9999999999999998,0.11111111111111116,1.0,0.0,1.0,0.2,40.78
0.38888888888888906,0.5,0.9999999999999998,0.11111111111111116,1.0,0.33333333333333337,1.0,0.2,39.97
0.38888888888888906,0.5,0.9999999999999998,0.11111111111111116,1.0,0.6666666666666666,1.0,0.2,40.71
0.38888888888888906,0.5,0.9999999999999998,0.11111111111111116,1.0,0.9999999999999999,1.0,0.2,40.43
0.33333333333333326,0.583333333333333,0.0,1.0,0.0,0.0,1.0,0.2,14.52
0.33333333333333326,0.583333333333333,0.0,1.0,0.0,0.33333333333333337,1.0,0.2,14.61
0.33333333333333326,0.583333333333333,0.0,1.0,0.0,0.6666666666666666,1.0,0.2,14.5
0.33333333333333326,0.583333333333333,0.0,1.0,0.0,0.9999999999999999,1.0,0.2,14.55
0.25,0.6666666666666665,0.1428571428571428,1.0,0.0,0.0,1.0,0.2,14.51
0.25,0.6666666666666665,0.1428571428571428,1.0,0.0,0.33333333333333337,1.0,0.2,14.6
0.25,0.6666666666666665,0.1428571428571428,1.0,0.0,0.6666666666666666,1.0,0.2,14.5
0.25,0.6666666666666665,0.1428571428571428,1.0,0.0,0.9999999999999999,1.0,0.2,14.58
0.19444444444444442,0.75,0.2857142857142856,1.0,0.0,0.0,1.0,0.2,14.51
0.19444444444444442,0.75,0.2857142857142856,1.0,0.0,0.33333333333333337,1.0,0.2,14.7
0.19444444444444442,0.75,0.2857142857142856,1.0,0.0,0.6666666666666666,1.0,0.2,14.42
0.19444444444444442,0.75,0.2857142857142856,1.0,0.0,0.9999999999999999,1.0,0.2,14.42
0.11111111111111116,0.833333333333333,0.4285714285714286,1.0,0.0,0.0,1.0,0.2,15.23
0.11111111111111116,0.833333333333333,0.4285714285714286,1.0,0.0,0.33333333333333337,1.0,0.2,15.23
0.11111111111111116,0.833333333333333,0.4285714285714286,1.0,0.0,0.6666666666666666,1.0,0.2,15.23
0.11111111111111116,0.833333333333333,0.4285714285714286,1.0,0.0,0.9999999999999999,1.0,0.2,15.23
0.05555555555555558,0.9166666666666665,0.5714285714285714,1.0,0.0,0.0,1.0,0.2,19.52
0.05555555555555558,0.9166666666666665,0.5714285714285714,1.0,0.0,0.33333333333333337,1.0,0.2,19.36
0.05555555555555558,0.9166666666666665,0.5714285714285714,1.0,0.0,0.6666666666666666,1.0,0.2,19.48
0.05555555555555558,0.9166666666666665,0.5714285714285714,1.0,0.0,0.9999999999999999,1.0,0.2,19.42
0.0,1.0,0.7142857142857142,1.0,0.0,0.0,1.0,0.2,15.09
0.0,1.0,0.7142857142857142,1.0,0.0,0.33333333333333337,1.0,0.2,17.17
0.0,1.0,0.7142857142857142,1.0,0.0,0.6666666666666666,1.0,0.2,17.14
0.0,1.0,0.7142857142857142,1.0,0.0,0.9999999999999999,1.0,0.2,17.14
0.9999999999999998,0.0,0.2857142857142856,0.0,1.0,0.0,1.0,0.4,32.82
0.9999999999999998,0.0,0.2857142857142856,0.0,1.0,0.33333333333333337,1.0,0.4,32.71
0.9999999999999998,0.0,0.2857142857142856,0.0,1.0,0.6666666666666666,1.0,0.4,32.24
0.9999999999999998,0.0,0.2857142857142856,0.0,1.0,0.9999999999999999,1.0,0.4,32.72
0.7777777777777779,0.16666666666666652,0.4285714285714286,0.11111111111111116,1.0,0.0,1.0,0.4,35.84
0.7777777777777779,0.16666666666666652,0.4285714285714286,0.11111111111111116,1.0,0.33333333333333337,1.0,0.4,36.57
0.7777777777777779,0.16666666666666652,0.4285714285714286,0.11111111111111116,1.0,0.6666666666666666,1.0,0.4,36.06
0.7777777777777779,0.16666666666666652,0.4285714285714286,0.11111111111111116,1.0,0.9999999999999999,1.0,0.4,35.69
0.6666666666666667,0.25,0.2857142857142856,0.33333333333333326,1.0,0.0,1.0,0.4,32.48
0.6666666666666667,0.25,0.2857142857142856,0.33333333333333326,1.0,0.33333333333333337,1.0,0.4,32.74
0.6666666666666667,0.25,0.2857142857142856,0.33333333333333326,1.0,0.6666666666666666,1.0,0.4,32.13
0.6666666666666667,0.25,0.2857142857142856,0.33333333333333326,1.0,0.9999999999999999,1.0,0.4,31.64
0.5555555555555556,0.33333333333333304,0.4285714285714286,0.33333333333333326,1.0,0.0,1.0,0.4,28.95
0.5555555555555556,0.33333333333333304,0.4285714285714286,0.33333333333333326,1.0,0.33333333333333337,1.0,0.4,29.49
0.5555555555555556,0.33333333333333304,0.4285714285714286,0.33333333333333326,1.0,0.6666666666666666,1.0,0.4,28.64
0.5555555555555556,0.33333333333333304,0.4285714285714286,0.33333333333333326,1.0,0.9999999999999999,1.0,0.4,28.01
0.47222222222222254,0.4166666666666665,0.5714285714285714,0.33333333333333326,1.0,0.0,1.0,0.4,41.64
0.47222222222222254,0.4166666666666665,0.5714285714285714,0.33333333333333326,1.0,0.33333333333333337,1.0,0.4,43.1
0.47222222222222254,0.4166666666666665,0.5714285714285714,0.33333333333333326,1.0,0.6666666666666666,1.0,0.4,42.74
0.47222222222222254,0.4166666666666665,0.5714285714285714,0.33333333333333326,1.0,0.9999999999999999,1.0,0.4,41.92
0.38888888888888906,0.5,0.9999999999999998,0.11111111111111116,1.0,0.0,1.0,0.4,40.78
0.38888888888888906,0.5,0.9999999999999998,0.11111111111111116,1.0,0.33333333333333337,1.0,0.4,40.15
0.38888888888888906,0.5,0.9999999999999998,0.11111111111111116,1.0,0.6666666666666666,1.0,0.4,40.57
0.38888888888888906,0.5,0.9999999999999998,0.11111111111111116,1.0,0.9999999999999999,1.0,0.4,40.42
0.33333333333333326,0.583333333333333,0.0,1.0,0.0,0.0,1.0,0.4,14.54
0.33333333333333326,0.583333333333333,0.0,1.0,0.0,0.33333333333333337,1.0,0.4,14.45
0.33333333333333326,0.583333333333333,0.0,1.0,0.0,0.6666666666666666,1.0,0.4,14.18
0.33333333333333326,0.583333333333333,0.0,1.0,0.0,0.9999999999999999,1.0,0.4,14.5
0.25,0.6666666666666665,0.1428571428571428,1.0,0.0,0.0,1.0,0.4,14.7
0.25,0.6666666666666665,0.1428571428571428,1.0,0.0,0.33333333333333337,1.0,0.4,14.66
0.25,0.6666666666666665,0.1428571428571428,1.0,0.0,0.6666666666666666,1.0,0.4,14.4
0.25,0.6666666666666665,0.1428571428571428,1.0,0.0,0.9999999999999999,1.0,0.4,14.71
0.19444444444444442,0.75,0.2857142857142856,1.0,0.0,0.0,1.0,0.4,14.75
0.19444444444444442,0.75,0.2857142857142856,1.0,0.0,0.33333333333333337,1.0,0.4,14.71
0.19444444444444442,0.75,0.2857142857142856,1.0,0.0,0.6666666666666666,1.0,0.4,14.33
0.19444444444444442,0.75,0.2857142857142856,1.0,0.0,0.9999999999999999,1.0,0.4,14.62
0.11111111111111116,0.833333333333333,0.4285714285714286,1.0,0.0,0.0,1.0,0.4,15.34
0.11111111111111116,0.833333333333333,0.4285714285714286,1.0,0.0,0.33333333333333337,1.0,0.4,15.29
0.11111111111111116,0.833333333333333,0.4285714285714286,1.0,0.0,0.6666666666666666,1.0,0.4,15.09
0.11111111111111116,0.833333333333333,0.4285714285714286,1.0,0.0,0.9999999999999999,1.0,0.4,15.3
0.05555555555555558,0.9166666666666665,0.5714285714285714,1.0,0.0,0.0,1.0,0.4,19.2
0.05555555555555558,0.9166666666666665,0.5714285714285714,1.0,0.0,0.33333333333333337,1.0,0.4,18.88
0.05555555555555558,0.9166666666666665,0.5714285714285714,1.0,0.0,0.6666666666666666,1.0,0.4,18.9
0.05555555555555558,0.9166666666666665,0.5714285714285714,1.0,0.0,0.9999999999999999,1.0,0.4,19.12
0.0,1.0,0.7142857142857142,1.0,0.0,0.0,1.0,0.4,16.76
0.0,1.0,0.7142857142857142,1.0,0.0,0.33333333333333337,1.0,0.4,17.23
0.0,1.0,0.7142857142857142,1.0,0.0,0.6666666666666666,1.0,0.4,17.26
0.0,1.0,0.7142857142857142,1.0,0.0,0.9999999999999999,1.0,0.4,17.15
0.9999999999999998,0.0,0.2857142857142856,0.0,1.0,0.0,1.0,0.6000000000000001,32.82
0.9999999999999998,0.0,0.2857142857142856,0.0,1.0,0.33333333333333337,1.0,0.6000000000000001,32.69
0.9999999999999998,0.0,0.2857142857142856,0.0,1.0,0.6666666666666666,1.0,0.6000000000000001,32.23
0.9999999999999998,0.0,0.2857142857142856,0.0,1.0,0.9999999999999999,1.0,0.6000000000000001,32.75
0.7777777777777779,0.16666666666666652,0.4285714285714286,0.11111111111111116,1.0,0.0,1.0,0.6000000000000001,34.24
0.7777777777777779,0.16666666666666652,0.4285714285714286,0.11111111111111116,1.0,0.33333333333333337,1.0,0.6000000000000001,34.95
0.7777777777777779,0.16666666666666652,0.4285714285714286,0.11111111111111116,1.0,0.6666666666666666,1.0,0.6000000000000001,35.05
0.7777777777777779,0.16666666666666652,0.4285714285714286,0.11111111111111116,1.0,0.9999999999999999,1.0,0.6000000000000001,34.29
0.6666666666666667,0.25,0.2857142857142856,0.33333333333333326,1.0,0.0,1.0,0.6000000000000001,31.28
0.6666666666666667,0.25,0.2857142857142856,0.33333333333333326,1.0,0.33333333333333337,1.0,0.6000000000000001,32.12
0.6666666666666667,0.25,0.2857142857142856,0.33333333333333326,1.0,0.6666666666666666,1.0,0.6000000000000001,32.05
0.6666666666666667,0.25,0.2857142857142856,0.33333333333333326,1.0,0.9999999999999999,1.0,0.6000000000000001,31.84
0.5555555555555556,0.33333333333333304,0.4285714285714286,0.33333333333333326,1.0,0.0,1.0,0.6000000000000001,28.67
0.5555555555555556,0.33333333333333304,0.4285714285714286,0.33333333333333326,1.0,0.33333333333333337,1.0,0.6000000000000001,29.67
0.5555555555555556,0.33333333333333304,0.4285714285714286,0.33333333333333326,1.0,0.6666666666666666,1.0,0.6000000000000001,29.47
0.5555555555555556,0.33333333333333304,0.4285714285714286,0.33333333333333326,1.0,0.9999999999999999,1.0,0.6000000000000001,28.91
0.47222222222222254,0.4166666666666665,0.5714285714285714,0.33333333333333326,1.0,0.0,1.0,0.6000000000000001,41.26
0.47222222222222254,0.4166666666666665,0.5714285714285714,0.33333333333333326,1.0,0.33333333333333337,1.0,0.6000000000000001,41.3
0.47222222222222254,0.4166666666666665,0.5714285714285714,0.33333333333333326,1.0,0.6666666666666666,1.0,0.6000000000000001,42.49
0.47222222222222254,0.4166666666666665,0.5714285714285714,0.33333333333333326,1.0,0.9999999999999999,1.0,0.6000000000000001,42.08
0.38888888888888906,0.5,0.9999999999999998,0.11111111111111116,1.0,0.0,1.0,0.6000000000000001,39.32
0.38888888888888906,0.5,0.9999999999999998,0.11111111111111116,1.0,0.33333333333333337,1.0,0.6000000000000001,39.84
0.38888888888888906,0.5,0.9999999999999998,0.11111111111111116,1.0,0.6666666666666666,1.0,0.6000000000000001,38.89
0.38888888888888906,0.5,0.9999999999999998,0.11111111111111116,1.0,0.9999999999999999,1.0,0.6000000000000001,39.68
0.33333333333333326,0.583333333333333,0.0,1.0,0.0,0.0,1.0,0.6000000000000001,13.97
0.33333333333333326,0.583333333333333,0.0,1.0,0.0,0.33333333333333337,1.0,0.6000000000000001,14.22
0.33333333333333326,0.583333333333333,0.0,1.0,0.0,0.6666666666666666,1.0,0.6000000000000001,14.1
0.33333333333333326,0.583333333333333,0.0,1.0,0.0,0.9999999999999999,1.0,0.6000000000000001,13.78
0.25,0.6666666666666665,0.1428571428571428,1.0,0.0,0.0,1.0,0.6000000000000001,14.07
0.25,0.6666666666666665,0.1428571428571428,1.0,0.0,0.33333333333333337,1.0,0.6000000000000001,14.03
0.25,0.6666666666666665,0.1428571428571428,1.0,0.0,0.6666666666666666,1.0,0.6000000000000001,13.94
0.25,0.6666666666666665,0.1428571428571428,1.0,0.0,0.9999999999999999,1.0,0.6000000000000001,13.86
0.19444444444444442,0.75,0.2857142857142856,1.0,0.0,0.0,1.0,0.6000000000000001,14.32
0.19444444444444442,0.75,0.2857142857142856,1.0,0.0,0.33333333333333337,1.0,0.6000000000000001,14.56
0.19444444444444442,0.75,0.2857142857142856,1.0,0.0,0.6666666666666666,1.0,0.6000000000000001,14.33
0.19444444444444442,0.75,0.2857142857142856,1.0,0.0,0.9999999999999999,1.0,0.6000000000000001,14.08
0.11111111111111116,0.833333333333333,0.4285714285714286,1.0,0.0,0.0,1.0,0.6000000000000001,15.16
0.11111111111111116,0.833333333333333,0.4285714285714286,1.0,0.0,0.33333333333333337,1.0,0.6000000000000001,15.18
0.11111111111111116,0.833333333333333,0.4285714285714286,1.0,0.0,0.6666666666666666,1.0,0.6000000000000001,14.72
0.11111111111111116,0.833333333333333,0.4285714285714286,1.0,0.0,0.9999999999999999,1.0,0.6000000000000001,14.9
0.05555555555555558,0.9166666666666665,0.5714285714285714,1.0,0.0,0.0,1.0,0.6000000000000001,18.48
0.05555555555555558,0.9166666666666665,0.5714285714285714,1.0,0.0,0.33333333333333337,1.0,0.6000000000000001,18.71
0.05555555555555558,0.9166666666666665,0.5714285714285714,1.0,0.0,0.6666666666666666,1.0,0.6000000000000001,18.48
0.05555555555555558,0.9166666666666665,0.5714285714285714,1.0,0.0,0.9999999999999999,1.0,0.6000000000000001,18.46
0.0,1.0,0.7142857142857142,1.0,0.0,0.0,1.0,0.6000000000000001,16.47
0.0,1.0,0.7142857142857142,1.0,0.0,0.33333333333333337,1.0,0.6000000000000001,16.35
0.0,1.0,0.7142857142857142,1.0,0.0,0.6666666666666666,1.0,0.6000000000000001,16.55
0.0,1.0,0.7142857142857142,1.0,0.0,0.9999999999999999,1.0,0.6000000000000001,16.74
0.9999999999999998,0.0,0.2857142857142856,0.0,1.0,0.0,1.0,0.8,32.85
0.9999999999999998,0.0,0.2857142857142856,0.0,1.0,0.33333333333333337,1.0,0.8,32.67
0.9999999999999998,0.0,0.2857142857142856,0.0,1.0,0.6666666666666666,1.0,0.8,32.21
0.9999999999999998,0.0,0.2857142857142856,0.0,1.0,0.9999999999999999,1.0,0.8,32.74
0.7777777777777779,0.16666666666666652,0.4285714285714286,0.11111111111111116,1.0,0.0,1.0,0.8,36.45
0.7777777777777779,0.16666666666666652,0.4285714285714286,0.11111111111111116,1.0,0.33333333333333337,1.0,0.8,35.73
0.7777777777777779,0.16666666666666652,0.4285714285714286,0.11111111111111116,1.0,0.6666666666666666,1.0,0.8,35.4
0.7777777777777779,0.16666666666666652,0.4285714285714286,0.11111111111111116,1.0,0.9999999999999999,1.0,0.8,36.57
0.6666666666666667,0.25,0.2857142857142856,0.33333333333333326,1.0,0.0,1.0,0.8,32.38
0.6666666666666667,0.25,0.2857142857142856,0.33333333333333326,1.0,0.33333333333333337,1.0,0.8,31.66
0.6666666666666667,0.25,0.2857142857142856,0.33333333333333326,1.0,0.6666666666666666,1.0,0.8,32.15
0.6666666666666667,0.25,0.2857142857142856,0.33333333333333326,1.0,0.9999999999999999,1.0,0.8,32.75
0.5555555555555556,0.33333333333333304,0.4285714285714286,0.33333333333333326,1.0,0.0,1.0,0.8,28.93
0.5555555555555556,0.33333333333333304,0.4285714285714286,0.33333333333333326,1.0,0.33333333333333337,1.0,0.8,28.05
0.5555555555555556,0.33333333333333304,0.4285714285714286,0.33333333333333326,1.0,0.6666666666666666,1.0,0.8,28.64
0.5555555555555556,0.33333333333333304,0.4285714285714286,0.33333333333333326,1.0,0.9999999999999999,1.0,0.8,29.52
0.47222222222222254,0.4166666666666665,0.5714285714285714,0.33333333333333326,1.0,0.0,1.0,0.8,42.77
0.47222222222222254,0.4166666666666665,0.5714285714285714,0.33333333333333326,1.0,0.33333333333333337,1.0,0.8,41.73
0.47222222222222254,0.4166666666666665,0.5714285714285714,0.33333333333333326,1.0,0.6666666666666666,1.0,0.8,41.32
0.47222222222222254,0.4166666666666665,0.5714285714285714,0.33333333333333326,1.0,0.9999999999999999,1.0,0.8,42.96
0.38888888888888906,0.5,0.9999999999999998,0.11111111111111116,1.0,0.0,1.0,0.8,40.68
0.38888888888888906,0.5,0.9999999999999998,0.11111111111111116,1.0,0.33333333333333337,1.0,0.8,40.4
0.38888888888888906,0.5,0.9999999999999998,0.11111111111111116,1.0,0.6666666666666666,1.0,0.8,40.6
0.38888888888888906,0.5,0.9999999999999998,0.11111111111111116,1.0,0.9999999999999999,1.0,0.8,40.11
0.33333333333333326,0.583333333333333,0.0,1.0,0.0,0.0,1.0,0.8,14.37
0.33333333333333326,0.583333333333333,0.0,1.0,0.0,0.33333333333333337,1.0,0.8,14.48
0.33333333333333326,0.583333333333333,0.0,1.0,0.0,0.6666666666666666,1.0,0.8,14.32
0.33333333333333326,0.583333333333333,0.0,1.0,0.0,0.9999999999999999,1.0,0.8,14.44
0.25,0.6666666666666665,0.1428571428571428,1.0,0.0,0.0,1.0,0.8,14.6
0.25,0.6666666666666665,0.1428571428571428,1.0,0.0,0.33333333333333337,1.0,0.8,14.7
0.25,0.6666666666666665,0.1428571428571428,1.0,0.0,0.6666666666666666,1.0,0.8,14.47
0.25,0.6666666666666665,0.1428571428571428,1.0,0.0,0.9999999999999999,1.0,0.8,14.66
0.19444444444444442,0.75,0.2857142857142856,1.0,0.0,0.0,1.0,0.8,14.54
0.19444444444444442,0.75,0.2857142857142856,1.0,0.0,0.33333333333333337,1.0,0.8,14.62
0.19444444444444442,0.75,0.2857142857142856,1.0,0.0,0.6666666666666666,1.0,0.8,14.53
0.19444444444444442,0.75,0.2857142857142856,1.0,0.0,0.9999999999999999,1.0,0.8,14.71
0.11111111111111116,0.833333333333333,0.4285714285714286,1.0,0.0,0.0,1.0,0.8,15.34
0.11111111111111116,0.833333333333333,0.4285714285714286,1.0,0.0,0.33333333333333337,1.0,0.8,15.29
0.11111111111111116,0.833333333333333,0.4285714285714286,1.0,0.0,0.6666666666666666,1.0,0.8,15.09
0.11111111111111116,0.833333333333333,0.4285714285714286,1.0,0.0,0.9999999999999999,1.0,0.8,15.3
0.05555555555555558,0.9166666666666665,0.5714285714285714,1.0,0.0,0.0,1.0,0.8,19.06
0.05555555555555558,0.9166666666666665,0.5714285714285714,1.0,0.0,0.33333333333333337,1.0,0.8,19.13
0.05555555555555558,0.9166666666666665,0.5714285714285714,1.0,0.0,0.6666666666666666,1.0,0.8,19.0
0.05555555555555558,0.9166666666666665,0.5714285714285714,1.0,0.0,0.9999999999999999,1.0,0.8,18.84
0.0,1.0,0.7142857142857142,1.0,0.0,0.0,1.0,0.8,16.44
0.0,1.0,0.7142857142857142,1.0,0.0,0.33333333333333337,1.0,0.8,16.9
0.0,1.0,0.7142857142857142,1.0,0.0,0.6666666666666666,1.0,0.8,16.94
0.0,1.0,0.7142857142857142,1.0,0.0,0.9999999999999999,1.0,0.8,16.77
0.9999999999999998,0.0,0.2857142857142856,0.0,1.0,0.0,1.0,1.0,32.84
0.9999999999999998,0.0,0.2857142857142856,0.0,1.0,0.33333333333333337,1.0,1.0,32.72
0.9999999999999998,0.0,0.2857142857142856,0.0,1.0,0.6666666666666666,1.0,1.0,32.21
0.9999999999999998,0.0,0.2857142857142856,0.0,1.0,0.9999999999999999,1.0,1.0,32.73
0.7777777777777779,0.16666666666666652,0.4285714285714286,0.11111111111111116,1.0,0.0,1.0,1.0,35.67
0.7777777777777779,0.16666666666666652,0.4285714285714286,0.11111111111111116,1.0,0.33333333333333337,1.0,1.0,35.01
0.7777777777777779,0.16666666666666652,0.4285714285714286,0.11111111111111116,1.0,0.6666666666666666,1.0,1.0,34.72
0.7777777777777779,0.16666666666666652,0.4285714285714286,0.11111111111111116,1.0,0.9999999999999999,1.0,1.0,35.24
0.6666666666666667,0.25,0.2857142857142856,0.33333333333333326,1.0,0.0,1.0,1.0,32.31
0.6666666666666667,0.25,0.2857142857142856,0.33333333333333326,1.0,0.33333333333333337,1.0,1.0,31.81
0.6666666666666667,0.25,0.2857142857142856,0.33333333333333326,1.0,0.6666666666666666,1.0,1.0,31.12
0.6666666666666667,0.25,0.2857142857142856,0.33333333333333326,1.0,0.9999999999999999,1.0,1.0,32.06
0.5555555555555556,0.33333333333333304,0.4285714285714286,0.33333333333333326,1.0,0.0,1.0,1.0,30.0
0.5555555555555556,0.33333333333333304,0.4285714285714286,0.33333333333333326,1.0,0.33333333333333337,1.0,1.0,29.5
0.5555555555555556,0.33333333333333304,0.4285714285714286,0.33333333333333326,1.0,0.6666666666666666,1.0,1.0,29.06
0.5555555555555556,0.33333333333333304,0.4285714285714286,0.33333333333333326,1.0,0.9999999999999999,1.0,1.0,29.92
0.47222222222222254,0.4166666666666665,0.5714285714285714,0.33333333333333326,1.0,0.0,1.0,1.0,42.11
0.47222222222222254,0.4166666666666665,0.5714285714285714,0.33333333333333326,1.0,0.33333333333333337,1.0,1.0,41.96
0.47222222222222254,0.4166666666666665,0.5714285714285714,0.33333333333333326,1.0,0.6666666666666666,1.0,1.0,41.09
0.47222222222222254,0.4166666666666665,0.5714285714285714,0.33333333333333326,1.0,0.9999999999999999,1.0,1.0,40.79
0.38888888888888906,0.5,0.9999999999999998,0.11111111111111116,1.0,0.0,1.0,1.0,38.82
0.38888888888888906,0.5,0.9999999999999998,0.11111111111111116,1.0,0.33333333333333337,1.0,1.0,39.72
0.38888888888888906,0.5,0.9999999999999998,0.11111111111111116,1.0,0.6666666666666666,1.0,1.0,39.31
0.38888888888888906,0.5,0.9999999999999998,0.11111111111111116,1.0,0.9999999999999999,1.0,1.0,39.86
0.33333333333333326,0.583333333333333,0.0,1.0,0.0,0.0,1.0,1.0,14.41
0.33333333333333326,0.583333333333333,0.0,1.0,0.0,0.33333333333333337,1.0,1.0,14.19
0.33333333333333326,0.583333333333333,0.0,1.0,0.0,0.6666666666666666,1.0,1.0,14.17
0.33333333333333326,0.583333333333333,0.0,1.0,0.0,0.9999999999999999,1.0,1.0,14.39
0.25,0.6666666666666665,0.1428571428571428,1.0,0.0,0.0,1.0,1.0,12.43
0.25,0.6666666666666665,0.1428571428571428,1.0,0.0,0.33333333333333337,1.0,1.0,12.63
0.25,0.6666666666666665,0.1428571428571428,1.0,0.0,0.6666666666666666,1.0,1.0,12.76
0.25,0.6666666666666665,0.1428571428571428,1.0,0.0,0.9999999999999999,1.0,1.0,12.42
0.19444444444444442,0.75,0.2857142857142856,1.0,0.0,0.0,1.0,1.0,14.12
0.19444444444444442,0.75,0.2857142857142856,1.0,0.0,0.33333333333333337,1.0,1.0,14.28
0.19444444444444442,0.75,0.2857142857142856,1.0,0.0,0.6666666666666666,1.0,1.0,14.37
0.19444444444444442,0.75,0.2857142857142856,1.0,0.0,0.9999999999999999,1.0,1.0,14.21
0.11111111111111116,0.833333333333333,0.4285714285714286,1.0,0.0,0.0,1.0,1.0,14.96
0.11111111111111116,0.833333333333333,0.4285714285714286,1.0,0.0,0.33333333333333337,1.0,1.0,14.92
0.11111111111111116,0.833333333333333,0.4285714285714286,1.0,0.0,0.6666666666666666,1.0,1.0,14.92
0.11111111111111116,0.833333333333333,0.4285714285714286,1.0,0.0,0.9999999999999999,1.0,1.0,15.16
0.05555555555555558,0.9166666666666665,0.5714285714285714,1.0,0.0,0.0,1.0,1.0,17.69
0.05555555555555558,0.9166666666666665,0.5714285714285714,1.0,0.0,0.33333333333333337,1.0,1.0,18.19
0.05555555555555558,0.9166666666666665,0.5714285714285714,1.0,0.0,0.6666666666666666,1.0,1.0,18.16
0.05555555555555558,0.9166666666666665,0.5714285714285714,1.0,0.0,0.9999999999999999,1.0,1.0,17.88
0.0,1.0,0.7142857142857142,1.0,0.0,0.0,1.0,1.0,16.54
0.0,1.0,0.7142857142857142,1.0,0.0,0.33333333333333337,1.0,1.0,16.44
0.0,1.0,0.7142857142857142,1.0,0.0,0.6666666666666666,1.0,1.0,16.48
0.0,1.0,0.7142857142857142,1.0,0.0,0.9999999999999999,1.0,1.0,16.64
