Input1,Input2,Input3,Input4,target
0.3675889328063241,0.11857707509881422,0.5375494071146245,0.43083003952569165,48.0
0.15415019762845847,0.27667984189723316,0.43083003952569165,0.1818181818181818,23.0
0.07509881422924901,0.43083003952569165,0.08300395256916995,0.06719367588932806,27.0
0.11857707509881422,0.1818181818181818,0.06719367588932806,0.09881422924901186,59.0
0.27667984189723316,0.08300395256916995,0.09881422924901186,0.225296442687747,129.0
0.5375494071146245,0.06719367588932806,0.225296442687747,0.5019762845849802,129.0
0.1818181818181818,0.225296442687747,0.5019762845849802,0.22134387351778653,27.0
0.08300395256916995,0.5019762845849802,0.22134387351778653,0.09881422924901186,19.0
0.09881422924901186,0.22134387351778653,0.06719367588932806,0.08695652173913043,46.0
0.225296442687747,0.09881422924901186,0.08695652173913043,0.17391304347826084,112.0
0.5019762845849802,0.06719367588932806,0.17391304347826084,0.43478260869565216,144.0
0.5019762845849802,0.08695652173913043,0.43478260869565216,0.5612648221343873,73.0
0.22134387351778653,0.17391304347826084,0.5612648221343873,0.28063241106719367,30.0
0.09881422924901186,0.43478260869565216,0.28063241106719367,0.11067193675889328,20.0
0.06719367588932806,0.5612648221343873,0.11067193675889328,0.07114624505928853,19.0
0.08695652173913043,0.28063241106719367,0.07114624505928853,0.06719367588932806,37.0
0.17391304347826084,0.11067193675889328,0.06719367588932806,0.13833992094861658,92.0
0.5612648221343873,0.06719367588932806,0.35573122529644263,0.5928853754940712,93.0
0.28063241106719367,0.13833992094861658,0.5928853754940712,0.35968379446640314,36.0
0.07114624505928853,0.5928853754940712,0.1343873517786561,0.07114624505928853,18.0
0.06719367588932806,0.35968379446640314,0.07114624505928853,0.06324110671936758,29.0
0.13833992094861658,0.1343873517786561,0.06324110671936758,0.1067193675889328,71.0
0.35573122529644263,0.07114624505928853,0.1067193675889328,0.2727272727272727,146.0
0.5928853754940712,0.06324110671936758,0.2727272727272727,0.5691699604743083,117.0
0.1343873517786561,0.2727272727272727,0.45454545454545453,0.17391304347826084,23.0
0.07114624505928853,0.5691699604743083,0.17391304347826084,0.08300395256916995,18.0
0.06324110671936758,0.45454545454545453,0.08300395256916995,0.06324110671936758,22.0
0.1067193675889328,0.17391304347826084,0.06324110671936758,0.07905138339920949,52.0
0.2727272727272727,0.08300395256916995,0.07905138339920949,0.19762845849802368,128.0
0.5691699604743083,0.06324110671936758,0.19762845849802368,0.4980237154150197,142.0
0.17391304347826084,0.19762845849802368,0.5533596837944664,0.23715415019762842,26.0
0.08300395256916995,0.4980237154150197,0.23715415019762842,0.09486166007905138,17.0
0.06324110671936758,0.5533596837944664,0.09486166007905138,0.05928853754940712,19.0
0.19762845849802368,0.09486166007905138,0.06719367588932806,0.13833992094861658,100.0
0.4980237154150197,0.05928853754940712,0.13833992094861658,0.38735177865612647,158.0
0.5533596837944664,0.06719367588932806,0.38735177865612647,0.616600790513834,86.0
0.23715415019762842,0.13833992094861658,0.616600790513834,0.3320158102766798,32.0
0.09486166007905138,0.38735177865612647,0.3320158102766798,0.11857707509881422,17.0
0.05928853754940712,0.616600790513834,0.11857707509881422,0.05928853754940712,17.0
0.06719367588932806,0.3320158102766798,0.05928853754940712,0.05928853754940712,27.0
0.13833992094861658,0.11857707509881422,0.05928853754940712,0.09881422924901186,72.0
0.616600790513834,0.05928853754940712,0.27667984189723316,0.6007905138339921,118.0
0.05928853754940712,0.6007905138339921,0.16205533596837943,0.07114624505928853,15.0
0.05928853754940712,0.458498023715415,0.07114624505928853,0.05138339920948616,21.0
0.09881422924901186,0.16205533596837943,0.05138339920948616,0.07509881422924901,47.0
0.27667984189723316,0.07114624505928853,0.07509881422924901,0.17786561264822132,128.0
0.6007905138339921,0.05138339920948616,0.17786561264822132,0.4980237154150197,150.0
0.458498023715415,0.07509881422924901,0.4980237154150197,0.5849802371541502,63.0
0.16205533596837943,0.17786561264822132,0.5849802371541502,0.2411067193675889,24.0
0.07114624505928853,0.4980237154150197,0.2411067193675889,0.08695652173913043,16.0
0.05138339920948616,0.5849802371541502,0.08695652173913043,0.05533596837944664,17.0
0.07509881422924901,0.2411067193675889,0.05533596837944664,0.05928853754940712,33.0
0.17786561264822132,0.08695652173913043,0.05928853754940712,0.1225296442687747,92.0
0.4980237154150197,0.05533596837944664,0.1225296442687747,0.35573122529644263,166.0
0.5849802371541502,0.05928853754940712,0.35573122529644263,0.6482213438735178,95.0
0.2411067193675889,0.1225296442687747,0.6482213438735178,0.3675889328063241,33.0
0.08695652173913043,0.35573122529644263,0.3675889328063241,0.1225296442687747,16.0
0.05533596837944664,0.6482213438735178,0.1225296442687747,0.05533596837944664,14.0
0.05928853754940712,0.3675889328063241,0.05533596837944664,0.047430830039525695,22.0
0.6482213438735178,0.047430830039525695,0.22134387351778653,0.5810276679841897,137.0
0.3675889328063241,0.07905138339920949,0.5810276679841897,0.5335968379446641,50.0
0.1225296442687747,0.22134387351778653,0.5335968379446641,0.18972332015810275,20.0
0.05533596837944664,0.5810276679841897,0.18972332015810275,0.07114624505928853,15.0
0.07905138339920949,0.18972332015810275,0.05138339920948616,0.05533596837944664,35.0
0.22134387351778653,0.07114624505928853,0.05533596837944664,0.13043478260869562,106.0
0.5810276679841897,0.05138339920948616,0.13043478260869562,0.4110671936758893,169.0
0.5335968379446641,0.05533596837944664,0.4110671936758893,0.6600790513833992,82.0
0.18972332015810275,0.13043478260869562,0.6600790513833992,0.3162055335968379,28.0
0.07114624505928853,0.4110671936758893,0.3162055335968379,0.10276679841897234,15.0
0.05533596837944664,0.3162055335968379,0.05138339920948616,0.047430830039525695,23.0
0.13043478260869562,0.10276679841897234,0.047430830039525695,0.08300395256916995,65.0
0.4110671936758893,0.05138339920948616,0.08300395256916995,0.24901185770750983,160.0
0.3162055335968379,0.08300395256916995,0.6245059288537549,0.5177865612648221,45.0
0.08300395256916995,0.16996047430830039,0.047430830039525695,0.05533596837944664,36.0
0.24901185770750983,0.06324110671936758,0.05533596837944664,0.1343873517786561,111.0
0.6245059288537549,0.047430830039525695,0.1343873517786561,0.43083003952569165,176.0
0.5177865612648221,0.05533596837944664,0.43083003952569165,0.6877470355731226,80.0
0.16996047430830039,0.1343873517786561,0.6877470355731226,0.30830039525691694,26.0
0.06324110671936758,0.43083003952569165,0.30830039525691694,0.09486166007905138,14.0
0.047430830039525695,0.6877470355731226,0.09486166007905138,0.047430830039525695,13.0
0.05533596837944664,0.30830039525691694,0.047430830039525695,0.043478260869565216,20.0
0.1343873517786561,0.09486166007905138,0.043478260869565216,0.07114624505928853,60.0
0.43083003952569165,0.047430830039525695,0.07114624505928853,0.2292490118577075,163.0
0.6877470355731226,0.043478260869565216,0.2292490118577075,0.6363636363636364,140.0
0.30830039525691694,0.07114624505928853,0.6363636363636364,0.5454545454545454,45.0
0.09486166007905138,0.2292490118577075,0.5454545454545454,0.16996047430830039,18.0
0.047430830039525695,0.6363636363636364,0.16996047430830039,0.06324110671936758,12.0
0.043478260869565216,0.5454545454545454,0.06324110671936758,0.03952569169960474,14.0
0.2292490118577075,0.06324110671936758,0.047430830039525695,0.11067193675889328,98.0
0.5454545454545454,0.047430830039525695,0.3794466403162055,0.7233201581027668,93.0
0.16996047430830039,0.11067193675889328,0.7233201581027668,0.35968379446640314,28.0
0.06324110671936758,0.3794466403162055,0.35968379446640314,0.10276679841897234,14.0
0.03952569169960474,0.7233201581027668,0.10276679841897234,0.047430830039525695,12.0
0.047430830039525695,0.35968379446640314,0.047430830039525695,0.03952569169960474,17.0
0.11067193675889328,0.10276679841897234,0.03952569169960474,0.05928853754940712,46.0
0.3794466403162055,0.047430830039525695,0.05928853754940712,0.17391304347826084,145.0
0.7233201581027668,0.03952569169960474,0.17391304347826084,0.5652173913043478,167.0
0.35968379446640314,0.05928853754940712,0.5652173913043478,0.6521739130434783,58.0
0.10276679841897234,0.17391304347826084,0.6521739130434783,0.22134387351778653,19.0
0.03952569169960474,0.6521739130434783,0.06719367588932806,0.03557312252964427,12.0
0.05928853754940712,0.22134387351778653,0.03557312252964427,0.03952569169960474,21.0
0.17391304347826084,0.06719367588932806,0.03952569169960474,0.07509881422924901,68.0
0.5652173913043478,0.03557312252964427,0.07509881422924901,0.2608695652173913,183.0
0.6521739130434783,0.03952569169960474,0.2608695652173913,0.7154150197628458,132.0
0.22134387351778653,0.07509881422924901,0.7154150197628458,0.5138339920948617,38.0
0.06719367588932806,0.2608695652173913,0.5138339920948617,0.14229249011857706,15.0
0.03557312252964427,0.7154150197628458,0.14229249011857706,0.05138339920948616,11.0
0.03952569169960474,0.5138339920948617,0.05138339920948616,0.03557312252964427,13.0
0.07509881422924901,0.14229249011857706,0.03557312252964427,0.043478260869565216,26.0
0.2608695652173913,0.05138339920948616,0.043478260869565216,0.09486166007905138,93.0
0.7154150197628458,0.03557312252964427,0.09486166007905138,0.35968379446640314,202.0
0.5138339920948617,0.043478260869565216,0.35968379446640314,0.7905138339920948,100.0
0.14229249011857706,0.09486166007905138,0.7905138339920948,0.38735177865612647,27.0
0.05138339920948616,0.35968379446640314,0.38735177865612647,0.09881422924901186,12.0
0.03557312252964427,0.7905138339920948,0.09881422924901186,0.03952569169960474,10.0
0.09486166007905138,0.09881422924901186,0.03162055335968379,0.043478260869565216,30.0
0.35968379446640314,0.03952569169960474,0.043478260869565216,0.11067193675889328,114.0
0.7905138339920948,0.03162055335968379,0.11067193675889328,0.44268774703557306,206.0
0.03952569169960474,0.44268774703557306,0.3162055335968379,0.07509881422924901,11.0
0.043478260869565216,0.3162055335968379,0.03557312252964427,0.027667984189723317,10.0
0.11067193675889328,0.07509881422924901,0.027667984189723317,0.03162055335968379,30.0
0.44268774703557306,0.03557312252964427,0.03162055335968379,0.11067193675889328,120.0
0.8063241106719368,0.027667984189723317,0.11067193675889328,0.46640316205533594,215.0
0.07509881422924901,0.11067193675889328,0.841897233201581,0.2964426877470355,20.0
0.027667984189723317,0.841897233201581,0.07114624505928853,0.03162055335968379,8.0
0.11067193675889328,0.07114624505928853,0.023715415019762844,0.027667984189723317,21.0
0.46640316205533594,0.03162055335968379,0.027667984189723317,0.07509881422924901,95.0
0.841897233201581,0.023715415019762844,0.07509881422924901,0.3675889328063241,234.0
0.2964426877470355,0.027667984189723317,0.3675889328063241,0.9169960474308301,99.0
0.07114624505928853,0.07509881422924901,0.9169960474308301,0.38339920948616596,22.0
0.03162055335968379,0.3675889328063241,0.38339920948616596,0.07905138339920949,9.0
0.023715415019762844,0.9169960474308301,0.07905138339920949,0.027667984189723317,8.0
0.027667984189723317,0.38339920948616596,0.027667984189723317,0.023715415019762844,7.0
0.07509881422924901,0.07905138339920949,0.023715415019762844,0.019762845849802372,9.0
0.3675889328063241,0.027667984189723317,0.019762845849802372,0.027667984189723317,35.0
0.9169960474308301,0.023715415019762844,0.027667984189723317,0.13043478260869562,176.0
0.38339920948616596,0.019762845849802372,0.13043478260869562,0.6877470355731226,215.0
0.07905138339920949,0.027667984189723317,0.6877470355731226,0.841897233201581,46.0
0.027667984189723317,0.13043478260869562,0.841897233201581,0.17391304347826084,11.0
0.023715415019762844,0.6877470355731226,0.17391304347826084,0.03557312252964427,7.0
0.019762845849802372,0.841897233201581,0.03557312252964427,0.019762845849802372,5.0
0.027667984189723317,0.17391304347826084,0.019762845849802372,0.01185770750988142,4.0
0.13043478260869562,0.03557312252964427,0.01185770750988142,0.007905138339920948,3.0
0.6877470355731226,0.019762845849802372,0.007905138339920948,0.003952569169960474,4.0
0.17391304347826084,0.007905138339920948,0.007905138339920948,0.06719367588932806,105.0
0.03557312252964427,0.003952569169960474,0.06719367588932806,0.40711462450592883,125.0
0.019762845849802372,0.007905138339920948,0.40711462450592883,0.4861660079051383,55.0
0.01185770750988142,0.06719367588932806,0.4861660079051383,0.20948616600790512,30.0
0.007905138339920948,0.40711462450592883,0.20948616600790512,0.11067193675889328,28.0
0.007905138339920948,0.20948616600790512,0.10276679841897234,0.15415019762845847,71.0
0.40711462450592883,0.10276679841897234,0.2727272727272727,0.3794466403162055,79.0
0.20948616600790512,0.2727272727272727,0.3043478260869565,0.18577075098814227,34.0
0.10276679841897234,0.3043478260869565,0.12648221343873517,0.1225296442687747,47.0
0.15415019762845847,0.18577075098814227,0.1225296442687747,0.17786561264822132,75.0
0.2727272727272727,0.12648221343873517,0.17786561264822132,0.28853754940711457,95.0
0.3794466403162055,0.1225296442687747,0.28853754940711457,0.3675889328063241,76.0
0.3043478260869565,0.17786561264822132,0.3675889328063241,0.2924901185770751,48.0
0.12648221343873517,0.3675889328063241,0.1818181818181818,0.12648221343873517,35.0
0.1225296442687747,0.2924901185770751,0.12648221343873517,0.13043478260869562,49.0
0.17786561264822132,0.1818181818181818,0.13043478260869562,0.18577075098814227,78.0
0.28853754940711457,0.12648221343873517,0.18577075098814227,0.30039525691699603,96.0
0.3675889328063241,0.13043478260869562,0.30039525691699603,0.37154150197628455,75.0
0.2924901185770751,0.18577075098814227,0.37154150197628455,0.28853754940711457,47.0
0.1818181818181818,0.30039525691699603,0.28853754940711457,0.17786561264822132,34.0
0.12648221343873517,0.37154150197628455,0.17786561264822132,0.12648221343873517,34.0
0.13043478260869562,0.28853754940711457,0.12648221343873517,0.12648221343873517,49.0
0.18577075098814227,0.17786561264822132,0.12648221343873517,0.18577075098814227,81.0
0.30039525691699603,0.12648221343873517,0.18577075098814227,0.31225296442687744,99.0
0.28853754940711457,0.18577075098814227,0.38339920948616596,0.2924901185770751,46.0
0.17786561264822132,0.31225296442687744,0.2924901185770751,0.17391304347826084,32.0
0.12648221343873517,0.38339920948616596,0.17391304347826084,0.11857707509881422,33.0
0.18577075098814227,0.17391304347826084,0.1225296442687747,0.18577075098814227,83.0
0.31225296442687744,0.11857707509881422,0.18577075098814227,0.3201581027667984,101.0
0.38339920948616596,0.1225296442687747,0.3201581027667984,0.3913043478260869,74.0
0.2924901185770751,0.18577075098814227,0.3913043478260869,0.2845849802371541,44.0
0.17391304347826084,0.3201581027667984,0.2845849802371541,0.1660079051383399,32.0
0.11857707509881422,0.3913043478260869,0.1660079051383399,0.11857707509881422,33.0
0.1225296442687747,0.2845849802371541,0.11857707509881422,0.1225296442687747,50.0
0.18577075098814227,0.1660079051383399,0.1225296442687747,0.18972332015810275,85.0
0.3201581027667984,0.11857707509881422,0.18972332015810275,0.32806324110671936,103.0
0.3913043478260869,0.1225296442687747,0.32806324110671936,0.3992094861660079,73.0
0.2845849802371541,0.18972332015810275,0.3992094861660079,0.28063241106719367,43.0
0.1660079051383399,0.32806324110671936,0.28063241106719367,0.16205533596837943,30.0
0.11857707509881422,0.3992094861660079,0.16205533596837943,0.11067193675889328,31.0
0.1225296442687747,0.28063241106719367,0.11067193675889328,0.11462450592885375,49.0
0.18972332015810275,0.16205533596837943,0.11462450592885375,0.18577075098814227,85.0
0.3992094861660079,0.11462450592885375,0.32806324110671936,0.4110671936758893,74.0
0.28063241106719367,0.18577075098814227,0.4110671936758893,0.2845849802371541,43.0
0.11067193675889328,0.4110671936758893,0.16205533596837943,0.11462450592885375,31.0
0.11462450592885375,0.2845849802371541,0.11462450592885375,0.11462450592885375,49.0
0.18577075098814227,0.16205533596837943,0.11462450592885375,0.18577075098814227,87.0
0.32806324110671936,0.11462450592885375,0.18577075098814227,0.33596837944664026,109.0
0.2845849802371541,0.18577075098814227,0.4229249011857707,0.2924901185770751,41.0
0.16205533596837943,0.33596837944664026,0.2924901185770751,0.15415019762845847,29.0
0.11462450592885375,0.4229249011857707,0.15415019762845847,0.1067193675889328,30.0
0.11462450592885375,0.2924901185770751,0.1067193675889328,0.11067193675889328,47.0
0.18577075098814227,0.15415019762845847,0.11067193675889328,0.17786561264822132,87.0
0.4229249011857707,0.11067193675889328,0.33596837944664026,0.4268774703557312,76.0
0.2924901185770751,0.17786561264822132,0.4268774703557312,0.2924901185770751,41.0
0.15415019762845847,0.33596837944664026,0.2924901185770751,0.15415019762845847,28.0
0.1067193675889328,0.4268774703557312,0.15415019762845847,0.10276679841897234,30.0
0.11067193675889328,0.2924901185770751,0.10276679841897234,0.11067193675889328,47.0
0.17786561264822132,0.15415019762845847,0.11067193675889328,0.17786561264822132,88.0
0.33596837944664026,0.10276679841897234,0.17786561264822132,0.33992094861660077,114.0
0.4268774703557312,0.11067193675889328,0.33992094861660077,0.44268774703557306,79.0
0.2924901185770751,0.17786561264822132,0.44268774703557306,0.3043478260869565,41.0
0.15415019762845847,0.33992094861660077,0.3043478260869565,0.15415019762845847,28.0
0.10276679841897234,0.44268774703557306,0.15415019762845847,0.10276679841897234,28.0
0.11067193675889328,0.3043478260869565,0.10276679841897234,0.10276679841897234,45.0
0.17786561264822132,0.15415019762845847,0.10276679841897234,0.16996047430830039,86.0
0.44268774703557306,0.10276679841897234,0.3320158102766798,0.45454545454545453,82.0
0.3043478260869565,0.16996047430830039,0.45454545454545453,0.3162055335968379,42.0
0.15415019762845847,0.3320158102766798,0.3162055335968379,0.15810276679841895,26.0
0.16996047430830039,0.15810276679841895,0.09486166007905138,0.16205533596837943,84.0
0.3320158102766798,0.09486166007905138,0.16205533596837943,0.32411067193675885,119.0
0.45454545454545453,0.09486166007905138,0.32411067193675885,0.46245059288537543,85.0
0.3162055335968379,0.16205533596837943,0.46245059288537543,0.32806324110671936,42.0
0.15810276679841895,0.32411067193675885,0.32806324110671936,0.15810276679841895,26.0
0.09486166007905138,0.46245059288537543,0.15810276679841895,0.09486166007905138,25.0
0.09486166007905138,0.32806324110671936,0.09486166007905138,0.09090909090909091,39.0
0.16205533596837943,0.15810276679841895,0.09090909090909091,0.14624505928853754,80.0
0.32411067193675885,0.09486166007905138,0.14624505928853754,0.30830039525691694,121.0
0.32806324110671936,0.14624505928853754,0.4703557312252964,0.34782608695652173,43.0
0.15810276679841895,0.30830039525691694,0.34782608695652173,0.16205533596837943,26.0
0.09486166007905138,0.4703557312252964,0.16205533596837943,0.09486166007905138,24.0
0.09090909090909091,0.34782608695652173,0.09486166007905138,0.08695652173913043,36.0
0.14624505928853754,0.16205533596837943,0.08695652173913043,0.1343873517786561,76.0
0.30830039525691694,0.09486166007905138,0.1343873517786561,0.2924901185770751,123.0
0.4703557312252964,0.08695652173913043,0.2924901185770751,0.47826086956521735,96.0
0.34782608695652173,0.1343873517786561,0.47826086956521735,0.37154150197628455,46.0
0.16205533596837943,0.2924901185770751,0.37154150197628455,0.17391304347826084,26.0
0.09486166007905138,0.47826086956521735,0.17391304347826084,0.09486166007905138,23.0
0.08695652173913043,0.37154150197628455,0.09486166007905138,0.08300395256916995,35.0
0.1343873517786561,0.17391304347826084,0.08300395256916995,0.13043478260869562,72.0
0.2924901185770751,0.09486166007905138,0.13043478260869562,0.27667984189723316,123.0
0.47826086956521735,0.08300395256916995,0.27667984189723316,0.47826086956521735,102.0
0.17391304347826084,0.27667984189723316,0.39525691699604737,0.18972332015810275,27.0
0.09486166007905138,0.47826086956521735,0.18972332015810275,0.09881422924901186,22.0
0.08300395256916995,0.39525691699604737,0.09881422924901186,0.07905138339920949,31.0
0.13043478260869562,0.18972332015810275,0.07905138339920949,0.11462450592885375,64.0
0.27667984189723316,0.09881422924901186,0.11462450592885375,0.24505928853754938,121.0
0.47826086956521735,0.07905138339920949,0.24505928853754938,0.4703557312252964,110.0
0.18972332015810275,0.24505928853754938,0.4268774703557312,0.20158102766798416,27.0
0.09881422924901186,0.4703557312252964,0.20158102766798416,0.09881422924901186,21.0
0.07905138339920949,0.4268774703557312,0.09881422924901186,0.07509881422924901,28.0
0.11462450592885375,0.20158102766798416,0.07509881422924901,0.10276679841897234,57.0
0.24505928853754938,0.09881422924901186,0.10276679841897234,0.21739130434782605,117.0
0.4268774703557312,0.10276679841897234,0.45454545454545453,0.46640316205533594,59.0
0.20158102766798416,0.21739130434782605,0.46640316205533594,0.225296442687747,28.0
0.07509881422924901,0.46640316205533594,0.10276679841897234,0.07114624505928853,25.0
0.21739130434782605,0.10276679841897234,0.09090909090909091,0.18577075098814227,109.0
0.10276679841897234,0.4229249011857707,0.2608695652173913,0.11462450592885375,20.0
0.07114624505928853,0.4980237154150197,0.11462450592885375,0.07114624505928853,23.0
0.09090909090909091,0.2608695652173913,0.07114624505928853,0.08300395256916995,43.0
0.4229249011857707,0.07114624505928853,0.16205533596837943,0.3794466403162055,135.0
0.4980237154150197,0.08300395256916995,0.3794466403162055,0.525691699604743,77.0
0.2608695652173913,0.16205533596837943,0.525691699604743,0.2964426877470355,34.0
0.11462450592885375,0.3794466403162055,0.2964426877470355,0.12648221343873517,22.0
0.07114624505928853,0.525691699604743,0.12648221343873517,0.07905138339920949,22.0
0.3794466403162055,0.07905138339920949,0.1343873517786561,0.3320158102766798,139.0
0.525691699604743,0.07905138339920949,0.3320158102766798,0.541501976284585,91.0
0.2964426877470355,0.1343873517786561,0.541501976284585,0.3517786561264822,38.0
0.12648221343873517,0.3320158102766798,0.3517786561264822,0.14229249011857706,21.0
0.07905138339920949,0.541501976284585,0.14229249011857706,0.07509881422924901,19.0
0.07905138339920949,0.3517786561264822,0.07509881422924901,0.06719367588932806,30.0
0.1343873517786561,0.14229249011857706,0.06719367588932806,0.11067193675889328,73.0
0.3320158102766798,0.07509881422924901,0.11067193675889328,0.28063241106719367,137.0
0.541501976284585,0.06719367588932806,0.28063241106719367,0.5335968379446641,107.0
0.3517786561264822,0.11067193675889328,0.5335968379446641,0.41501976284584974,44.0
0.14229249011857706,0.28063241106719367,0.41501976284584974,0.1660079051383399,23.0
0.07509881422924901,0.5335968379446641,0.1660079051383399,0.08300395256916995,19.0
0.06719367588932806,0.41501976284584974,0.08300395256916995,0.06719367588932806,26.0
0.11067193675889328,0.1660079051383399,0.06719367588932806,0.09486166007905138,59.0
0.5335968379446641,0.06719367588932806,0.225296442687747,0.5019762845849802,125.0
0.1660079051383399,0.225296442687747,0.4861660079051383,0.20948616600790512,24.0
0.08300395256916995,0.5019762845849802,0.20948616600790512,0.08695652173913043,18.0
0.06719367588932806,0.4861660079051383,0.08695652173913043,0.06324110671936758,22.0
0.5019762845849802,0.06324110671936758,0.17786561264822132,0.44268774703557306,140.0
0.4861660079051383,0.07905138339920949,0.44268774703557306,0.5454545454545454,68.0
0.20948616600790512,0.17786561264822132,0.5454545454545454,0.2608695652173913,28.0
0.08695652173913043,0.44268774703557306,0.2608695652173913,0.10276679841897234,18.0
0.06324110671936758,0.5454545454545454,0.10276679841897234,0.06324110671936758,19.0
0.44268774703557306,0.06324110671936758,0.1343873517786561,0.35968379446640314,150.0
0.5454545454545454,0.06719367588932806,0.35968379446640314,0.5849802371541502,88.0
0.2608695652173913,0.1343873517786561,0.5849802371541502,0.33992094861660077,34.0
0.10276679841897234,0.35968379446640314,0.33992094861660077,0.12648221343873517,19.0
0.06324110671936758,0.5849802371541502,0.12648221343873517,0.06719367588932806,18.0
0.06719367588932806,0.33992094861660077,0.06719367588932806,0.06324110671936758,28.0
0.5849802371541502,0.06324110671936758,0.27667984189723316,0.5731225296442688,112.0
0.33992094861660077,0.10276679841897234,0.5731225296442688,0.43478260869565216,43.0
0.12648221343873517,0.27667984189723316,0.43478260869565216,0.16205533596837943,20.0
0.06719367588932806,0.5731225296442688,0.16205533596837943,0.07114624505928853,16.0
0.06324110671936758,0.43478260869565216,0.07114624505928853,0.05533596837944664,23.0
0.10276679841897234,0.16205533596837943,0.05533596837944664,0.08300395256916995,53.0
0.27667984189723316,0.07114624505928853,0.08300395256916995,0.20158102766798416,131.0
0.16205533596837943,0.20158102766798416,0.5335968379446641,0.22134387351778653,24.0
0.07114624505928853,0.5098814229249012,0.22134387351778653,0.08695652173913043,16.0
0.05533596837944664,0.5335968379446641,0.08695652173913043,0.05533596837944664,19.0
0.20158102766798416,0.08695652173913043,0.06719367588932806,0.14229249011857706,104.0
0.5098814229249012,0.05533596837944664,0.14229249011857706,0.40316205533596833,156.0
0.22134387351778653,0.14229249011857706,0.6086956521739131,0.30830039525691694,30.0
0.05533596837944664,0.6086956521739131,0.11067193675889328,0.05928853754940712,16.0
0.06719367588932806,0.30830039525691694,0.05928853754940712,0.05533596837944664,28.0
0.14229249011857706,0.11067193675889328,0.05533596837944664,0.10276679841897234,75.0
0.40316205533596833,0.05928853754940712,0.10276679841897234,0.28853754940711457,156.0
0.6086956521739131,0.05533596837944664,0.28853754940711457,0.6086956521739131,112.0
0.30830039525691694,0.10276679841897234,0.6086956521739131,0.43478260869565216,40.0
0.11067193675889328,0.28853754940711457,0.43478260869565216,0.150197628458498,18.0
0.05928853754940712,0.6086956521739131,0.150197628458498,0.06324110671936758,15.0
0.05533596837944664,0.43478260869565216,0.06324110671936758,0.05138339920948616,21.0
0.10276679841897234,0.150197628458498,0.05138339920948616,0.07509881422924901,51.0
0.28853754940711457,0.06324110671936758,0.07509881422924901,0.1936758893280632,132.0
0.6086956521739131,0.05138339920948616,0.1936758893280632,0.5138339920948617,145.0
0.06324110671936758,0.5138339920948617,0.225296442687747,0.07905138339920949,15.0
0.05138339920948616,0.5652173913043478,0.07905138339920949,0.05138339920948616,17.0
0.07509881422924901,0.225296442687747,0.05138339920948616,0.05928853754940712,32.0
0.1936758893280632,0.07905138339920949,0.05928853754940712,0.11857707509881422,96.0
0.5652173913043478,0.05928853754940712,0.37154150197628455,0.6403162055335968,89.0
0.225296442687747,0.11857707509881422,0.6403162055335968,0.3438735177865612,30.0
0.07905138339920949,0.37154150197628455,0.3438735177865612,0.11067193675889328,16.0
0.05928853754940712,0.3438735177865612,0.05533596837944664,0.047430830039525695,24.0
0.11857707509881422,0.11067193675889328,0.047430830039525695,0.08695652173913043,62.0
0.37154150197628455,0.05533596837944664,0.08695652173913043,0.23715415019762842,153.0
0.6403162055335968,0.047430830039525695,0.23715415019762842,0.5968379446640316,130.0
0.3438735177865612,0.08695652173913043,0.5968379446640316,0.5059288537549407,46.0
0.11067193675889328,0.23715415019762842,0.5059288537549407,0.17391304347826084,19.0
0.05533596837944664,0.5968379446640316,0.17391304347826084,0.06719367588932806,13.0
0.08695652173913043,0.17391304347826084,0.043478260869565216,0.05928853754940712,37.0
0.23715415019762842,0.06719367588932806,0.05928853754940712,0.13833992094861658,113.0
0.5968379446640316,0.043478260869565216,0.13833992094861658,0.4387351778656126,165.0
0.5059288537549407,0.05928853754940712,0.4387351778656126,0.6442687747035574,75.0
0.17391304347826084,0.13833992094861658,0.6442687747035574,0.28853754940711457,25.0
0.043478260869565216,0.6442687747035574,0.09090909090909091,0.047430830039525695,13.0
0.13833992094861658,0.09090909090909091,0.043478260869565216,0.08695652173913043,68.0
0.4387351778656126,0.047430830039525695,0.08695652173913043,0.2608695652173913,164.0
0.6442687747035574,0.043478260869565216,0.2608695652173913,0.6403162055335968,123.0
0.28853754940711457,0.08695652173913043,0.6403162055335968,0.47826086956521735,40.0
0.09090909090909091,0.2608695652173913,0.47826086956521735,0.150197628458498,17.0
0.047430830039525695,0.6403162055335968,0.150197628458498,0.05928853754940712,13.0
0.043478260869565216,0.47826086956521735,0.05928853754940712,0.043478260869565216,16.0
0.08695652173913043,0.150197628458498,0.043478260869565216,0.05533596837944664,38.0
0.2608695652173913,0.05928853754940712,0.05533596837944664,0.14229249011857706,118.0
0.6403162055335968,0.043478260869565216,0.14229249011857706,0.458498023715415,170.0
0.150197628458498,0.14229249011857706,0.6640316205533597,0.2727272727272727,24.0
0.043478260869565216,0.6640316205533597,0.08695652173913043,0.043478260869565216,12.0
0.05533596837944664,0.2727272727272727,0.043478260869565216,0.03952569169960474,22.0
0.14229249011857706,0.08695652173913043,0.03952569169960474,0.07905138339920949,65.0
0.458498023715415,0.043478260869565216,0.07905138339920949,0.24901185770750983,167.0
0.6640316205533597,0.03952569169960474,0.24901185770750983,0.6521739130434783,129.0
0.2727272727272727,0.07905138339920949,0.6521739130434783,0.5019762845849802,40.0
0.08695652173913043,0.24901185770750983,0.5019762845849802,0.150197628458498,16.0
0.043478260869565216,0.6521739130434783,0.150197628458498,0.05533596837944664,12.0
0.03952569169960474,0.5019762845849802,0.05533596837944664,0.03952569169960474,14.0
0.07905138339920949,0.150197628458498,0.03952569169960474,0.047430830039525695,33.0
0.24901185770750983,0.05533596837944664,0.047430830039525695,0.1225296442687747,107.0
0.6521739130434783,0.03952569169960474,0.1225296442687747,0.41501976284584974,182.0
0.5019762845849802,0.047430830039525695,0.41501976284584974,0.7114624505928854,81.0
0.150197628458498,0.1225296442687747,0.7114624505928854,0.31225296442687744,24.0
0.05533596837944664,0.41501976284584974,0.31225296442687744,0.08695652173913043,12.0
0.03952569169960474,0.7114624505928854,0.08695652173913043,0.03952569169960474,11.0
0.047430830039525695,0.31225296442687744,0.03952569169960474,0.03557312252964427,17.0
0.41501976284584974,0.03952569169960474,0.05928853754940712,0.1936758893280632,156.0
0.7114624505928854,0.03557312252964427,0.1936758893280632,0.6086956521739131,155.0
0.31225296442687744,0.05928853754940712,0.6086956521739131,0.6047430830039525,49.0
0.08695652173913043,0.1936758893280632,0.6047430830039525,0.18577075098814227,17.0
0.03952569169960474,0.6086956521739131,0.18577075098814227,0.05928853754940712,11.0
0.03557312252964427,0.6047430830039525,0.05928853754940712,0.03557312252964427,11.0
0.05928853754940712,0.18577075098814227,0.03557312252964427,0.03557312252964427,23.0
0.1936758893280632,0.05928853754940712,0.03557312252964427,0.08300395256916995,77.0
0.6086956521739131,0.03557312252964427,0.08300395256916995,0.2964426877470355,189.0
0.6047430830039525,0.03557312252964427,0.2964426877470355,0.7391304347826086,115.0
0.18577075098814227,0.08300395256916995,0.7391304347826086,0.44664031620553357,32.0
0.05928853754940712,0.2964426877470355,0.44664031620553357,0.11857707509881422,13.0
0.03557312252964427,0.7391304347826086,0.11857707509881422,0.043478260869565216,9.0
0.03557312252964427,0.44664031620553357,0.043478260869565216,0.027667984189723317,12.0
0.08300395256916995,0.11857707509881422,0.027667984189723317,0.03952569169960474,30.0
0.7391304347826086,0.027667984189723317,0.11067193675889328,0.41501976284584974,197.0
0.44664031620553357,0.03952569169960474,0.41501976284584974,0.7707509881422925,82.0
0.11857707509881422,0.11067193675889328,0.7707509881422925,0.3162055335968379,23.0
0.043478260869565216,0.41501976284584974,0.3162055335968379,0.08300395256916995,10.0
0.027667984189723317,0.7707509881422925,0.08300395256916995,0.03162055335968379,9.0
0.11067193675889328,0.08300395256916995,0.027667984189723317,0.03952569169960474,36.0
0.41501976284584974,0.03162055335968379,0.03952569169960474,0.1343873517786561,134.0
0.7707509881422925,0.027667984189723317,0.1343873517786561,0.5217391304347826,192.0
0.3162055335968379,0.03952569169960474,0.5217391304347826,0.7509881422924901,64.0
0.03162055335968379,0.5217391304347826,0.24505928853754938,0.06324110671936758,10.0
0.027667984189723317,0.7509881422924901,0.06324110671936758,0.03162055335968379,8.0
0.1343873517786561,0.06324110671936758,0.023715415019762844,0.043478260869565216,37.0
0.5217391304347826,0.03162055335968379,0.043478260869565216,0.13833992094861658,148.0
0.7509881422924901,0.023715415019762844,0.13833992094861658,0.5770750988142292,195.0
0.03162055335968379,0.5770750988142292,0.22134387351778653,0.05533596837944664,9.0
0.023715415019762844,0.7628458498023716,0.05533596837944664,0.027667984189723317,8.0
0.5770750988142292,0.027667984189723317,0.03162055335968379,0.1067193675889328,132.0
0.7628458498023716,0.023715415019762844,0.1067193675889328,0.5138339920948617,220.0
0.22134387351778653,0.03162055335968379,0.5138339920948617,0.8616600790513834,67.0
0.05533596837944664,0.1067193675889328,0.8616600790513834,0.2569169960474308,15.0
0.027667984189723317,0.5138339920948617,0.2569169960474308,0.05138339920948616,8.0
0.023715415019762844,0.8616600790513834,0.05138339920948616,0.023715415019762844,6.0
0.03162055335968379,0.2569169960474308,0.023715415019762844,0.015810276679841896,7.0
0.1067193675889328,0.05138339920948616,0.015810276679841896,0.019762845849802372,14.0
0.5138339920948617,0.023715415019762844,0.019762845849802372,0.047430830039525695,66.0
0.8616600790513834,0.015810276679841896,0.047430830039525695,0.25296442687747034,237.0
0.05138339920948616,0.047430830039525695,0.9288537549407114,0.5335968379446641,25.0
0.023715415019762844,0.25296442687747034,0.5335968379446641,0.09090909090909091,9.0
0.015810276679841896,0.9288537549407114,0.09090909090909091,0.027667984189723317,6.0
0.019762845849802372,0.5335968379446641,0.027667984189723317,0.015810276679841896,5.0
0.047430830039525695,0.09090909090909091,0.015810276679841896,0.01185770750988142,4.0
0.25296442687747034,0.027667984189723317,0.01185770750988142,0.007905138339920948,5.0
0.5335968379446641,0.01185770750988142,0.01185770750988142,0.09090909090909091,165.0
0.09090909090909091,0.007905138339920948,0.09090909090909091,0.6442687747035574,233.0
0.027667984189723317,0.01185770750988142,0.6442687747035574,0.9130434782608695,51.0
0.015810276679841896,0.09090909090909091,0.9130434782608695,0.1936758893280632,12.0
0.01185770750988142,0.6442687747035574,0.1936758893280632,0.03952569169960474,7.0
0.01185770750988142,0.1936758893280632,0.019762845849802372,0.019762845849802372,7.0
0.09090909090909091,0.03952569169960474,0.019762845849802372,0.019762845849802372,18.0
0.6442687747035574,0.019762845849802372,0.019762845849802372,0.06324110671936758,80.0
0.9130434782608695,0.019762845849802372,0.06324110671936758,0.30830039525691694,201.0
0.03952569169960474,0.06324110671936758,0.7865612648221344,0.4229249011857707,29.0
0.019762845849802372,0.30830039525691694,0.4229249011857707,0.1067193675889328,12.0
0.019762845849802372,0.7865612648221344,0.1067193675889328,0.03952569169960474,10.0
0.019762845849802372,0.4229249011857707,0.03952569169960474,0.03162055335968379,14.0
0.06324110671936758,0.1067193675889328,0.03162055335968379,0.047430830039525695,38.0
0.30830039525691694,0.03952569169960474,0.047430830039525695,0.14229249011857706,128.0
0.7865612648221344,0.03162055335968379,0.14229249011857706,0.4980237154150197,169.0
0.4229249011857707,0.047430830039525695,0.4980237154150197,0.6600790513833992,63.0
0.03952569169960474,0.4980237154150197,0.2411067193675889,0.07114624505928853,11.0
0.03162055335968379,0.6600790513833992,0.07114624505928853,0.03557312252964427,11.0
0.047430830039525695,0.2411067193675889,0.03557312252964427,0.03557312252964427,23.0
0.14229249011857706,0.07114624505928853,0.03557312252964427,0.08300395256916995,74.0
0.4980237154150197,0.03557312252964427,0.08300395256916995,0.2845849802371541,173.0
0.6600790513833992,0.03557312252964427,0.2845849802371541,0.6758893280632411,114.0
0.2411067193675889,0.08300395256916995,0.6758893280632411,0.44268774703557306,34.0
0.07114624505928853,0.2845849802371541,0.44268774703557306,0.12648221343873517,14.0
0.03557312252964427,0.44268774703557306,0.047430830039525695,0.03557312252964427,14.0
0.08300395256916995,0.12648221343873517,0.03557312252964427,0.047430830039525695,37.0
0.2845849802371541,0.047430830039525695,0.047430830039525695,0.13833992094861658,122.0
0.6758893280632411,0.03557312252964427,0.13833992094861658,0.4743083003952569,172.0
0.44268774703557306,0.047430830039525695,0.4743083003952569,0.6719367588932806,67.0
0.12648221343873517,0.13833992094861658,0.6719367588932806,0.2569169960474308,21.0
0.047430830039525695,0.4743083003952569,0.2569169960474308,0.07509881422924901,11.0
0.03557312252964427,0.6719367588932806,0.07509881422924901,0.03557312252964427,11.0
0.13833992094861658,0.07509881422924901,0.03557312252964427,0.07114624505928853,64.0
0.6719367588932806,0.03557312252964427,0.24505928853754938,0.6600790513833992,131.0
0.2569169960474308,0.07114624505928853,0.6600790513833992,0.5098814229249012,39.0
0.03557312252964427,0.6600790513833992,0.14624505928853754,0.043478260869565216,9.0
0.03557312252964427,0.5098814229249012,0.043478260869565216,0.027667984189723317,12.0
0.07114624505928853,0.14624505928853754,0.027667984189723317,0.03952569169960474,28.0
0.24505928853754938,0.043478260869565216,0.03952569169960474,0.10276679841897234,100.0
0.6600790513833992,0.027667984189723317,0.10276679841897234,0.38735177865612647,188.0
0.027667984189723317,0.7351778656126482,0.09090909090909091,0.03557312252964427,10.0
0.03952569169960474,0.33992094861660077,0.03557312252964427,0.03162055335968379,14.0
0.10276679841897234,0.09090909090909091,0.03162055335968379,0.047430830039525695,41.0
0.38735177865612647,0.03557312252964427,0.047430830039525695,0.15415019762845847,141.0
0.7351778656126482,0.03162055335968379,0.15415019762845847,0.549407114624506,176.0
0.09090909090909091,0.15415019762845847,0.6877470355731226,0.21739130434782605,17.0
0.03557312252964427,0.549407114624506,0.21739130434782605,0.05928853754940712,10.0
0.03162055335968379,0.6877470355731226,0.05928853754940712,0.03162055335968379,10.0
0.047430830039525695,0.21739130434782605,0.03162055335968379,0.03162055335968379,16.0
0.549407114624506,0.03162055335968379,0.05533596837944664,0.2134387351778656,175.0
0.6877470355731226,0.03162055335968379,0.2134387351778656,0.6837944664031621,149.0
0.21739130434782605,0.05533596837944664,0.6837944664031621,0.5810276679841897,41.0
0.03162055335968379,0.6837944664031621,0.15415019762845847,0.047430830039525695,8.0
0.03162055335968379,0.5810276679841897,0.047430830039525695,0.023715415019762844,9.0
0.05533596837944664,0.15415019762845847,0.023715415019762844,0.027667984189723317,18.0
0.2134387351778656,0.047430830039525695,0.027667984189723317,0.06324110671936758,67.0
0.6837944664031621,0.023715415019762844,0.06324110671936758,0.2569169960474308,196.0
0.5810276679841897,0.027667984189723317,0.2569169960474308,0.766798418972332,130.0
0.15415019762845847,0.06324110671936758,0.766798418972332,0.5059288537549407,32.0
0.047430830039525695,0.2569169960474308,0.5059288537549407,0.11857707509881422,11.0
0.027667984189723317,0.5059288537549407,0.03557312252964427,0.023715415019762844,7.0
0.06324110671936758,0.11857707509881422,0.023715415019762844,0.019762845849802372,17.0
0.2569169960474308,0.03557312252964427,0.019762845849802372,0.05928853754940712,66.0
0.5059288537549407,0.019762845849802372,0.25296442687747034,0.8102766798418972,131.0
0.11857707509881422,0.05928853754940712,0.8102766798418972,0.5098814229249012,30.0
0.03557312252964427,0.25296442687747034,0.5098814229249012,0.11067193675889328,10.0
0.023715415019762844,0.8102766798418972,0.11067193675889328,0.03162055335968379,7.0
0.05928853754940712,0.11067193675889328,0.019762845849802372,0.015810276679841896,12.0
0.25296442687747034,0.03162055335968379,0.015810276679841896,0.03952569169960474,48.0
0.8102766798418972,0.019762845849802372,0.03952569169960474,0.1818181818181818,193.0
0.5098814229249012,0.015810276679841896,0.1818181818181818,0.7549407114624506,172.0
0.03162055335968379,0.1818181818181818,0.6719367588932806,0.14624505928853754,11.0
0.019762845849802372,0.7549407114624506,0.14624505928853754,0.03557312252964427,7.0
0.03952569169960474,0.14624505928853754,0.019762845849802372,0.015810276679841896,6.0
0.1818181818181818,0.03557312252964427,0.015810276679841896,0.015810276679841896,16.0
0.7549407114624506,0.019762845849802372,0.015810276679841896,0.05533596837944664,86.0
0.6719367588932806,0.015810276679841896,0.05533596837944664,0.3320158102766798,255.0
0.14624505928853754,0.015810276679841896,0.3320158102766798,1.0,107.0
0.03557312252964427,0.05533596837944664,1.0,0.41501976284584974,19.0
0.019762845849802372,0.3320158102766798,0.41501976284584974,0.06719367588932806,8.0
0.015810276679841896,1.0,0.06719367588932806,0.023715415019762844,5.0
0.015810276679841896,0.41501976284584974,0.023715415019762844,0.01185770750988142,4.0
0.05533596837944664,0.06719367588932806,0.01185770750988142,0.007905138339920948,3.0
1.0,0.01185770750988142,0.003952569169960474,0.0,2.0
0.41501976284584974,0.007905138339920948,0.0,0.0,7.0
0.06719367588932806,0.003952569169960474,0.0,0.019762845849802372,23.0
0.01185770750988142,0.0,0.08300395256916995,0.023715415019762844,6.0
0.007905138339920948,0.019762845849802372,0.023715415019762844,0.015810276679841896,8.0
0.003952569169960474,0.08300395256916995,0.015810276679841896,0.023715415019762844,16.0
0.0,0.023715415019762844,0.023715415019762844,0.05533596837944664,33.0
0.019762845849802372,0.023715415019762844,0.1225296442687747,0.21739130434782605,65.0
0.023715415019762844,0.1225296442687747,0.24901185770750983,0.2134387351778656,46.0
0.015810276679841896,0.21739130434782605,0.2134387351778656,0.17391304347826084,46.0
0.05533596837944664,0.2134387351778656,0.17391304347826084,0.20553359683794464,64.0
0.1225296442687747,0.17391304347826084,0.20553359683794464,0.24505928853754938,66.0
0.21739130434782605,0.17391304347826084,0.24505928853754938,0.25296442687747034,59.0
0.24901185770750983,0.20553359683794464,0.25296442687747034,0.225296442687747,49.0
0.2134387351778656,0.24505928853754938,0.225296442687747,0.18577075098814227,46.0
0.17391304347826084,0.25296442687747034,0.18577075098814227,0.17391304347826084,48.0
0.17391304347826084,0.225296442687747,0.17391304347826084,0.1818181818181818,58.0
0.20553359683794464,0.18577075098814227,0.1818181818181818,0.22134387351778653,67.0
0.25296442687747034,0.1818181818181818,0.2569169960474308,0.2569169960474308,60.0
0.18577075098814227,0.2569169960474308,0.2292490118577075,0.18972332015810275,47.0
0.17391304347826084,0.2569169960474308,0.18972332015810275,0.17786561264822132,51.0
0.1818181818181818,0.2292490118577075,0.17786561264822132,0.1936758893280632,60.0
0.22134387351778653,0.18972332015810275,0.1936758893280632,0.2292490118577075,69.0
0.2569169960474308,0.17786561264822132,0.2292490118577075,0.26482213438735175,68.0
0.2569169960474308,0.1936758893280632,0.26482213438735175,0.2608695652173913,58.0
0.2292490118577075,0.2292490118577075,0.2608695652173913,0.22134387351778653,50.0
0.18972332015810275,0.26482213438735175,0.22134387351778653,0.18972332015810275,46.0
0.17786561264822132,0.2608695652173913,0.18972332015810275,0.17391304347826084,52.0
0.1936758893280632,0.22134387351778653,0.17391304347826084,0.19762845849802368,61.0
0.18972332015810275,0.2727272727272727,0.22134387351778653,0.1818181818181818,46.0
0.17391304347826084,0.2608695652173913,0.1818181818181818,0.17391304347826084,53.0
0.19762845849802368,0.22134387351778653,0.17391304347826084,0.20158102766798416,64.0
0.23320158102766797,0.1818181818181818,0.20158102766798416,0.24505928853754938,72.0
0.2727272727272727,0.17391304347826084,0.24505928853754938,0.27667984189723316,68.0
0.2608695652173913,0.20158102766798416,0.27667984189723316,0.2608695652173913,56.0
0.22134387351778653,0.24505928853754938,0.2608695652173913,0.2134387351778656,47.0
0.1818181818181818,0.27667984189723316,0.2134387351778656,0.17786561264822132,45.0
0.24505928853754938,0.17786561264822132,0.20158102766798416,0.24901185770750983,73.0
0.27667984189723316,0.16996047430830039,0.24901185770750983,0.28063241106719367,67.0
0.2608695652173913,0.20158102766798416,0.28063241106719367,0.2569169960474308,54.0
0.2134387351778656,0.24901185770750983,0.2569169960474308,0.20553359683794464,46.0
0.17786561264822132,0.28063241106719367,0.20553359683794464,0.17391304347826084,46.0
0.16996047430830039,0.2569169960474308,0.17391304347826084,0.17391304347826084,55.0
0.20158102766798416,0.20553359683794464,0.17391304347826084,0.20948616600790512,67.0
0.28063241106719367,0.17391304347826084,0.2569169960474308,0.2845849802371541,66.0
0.20553359683794464,0.2569169960474308,0.25296442687747034,0.20553359683794464,44.0
0.17391304347826084,0.2845849802371541,0.20553359683794464,0.1660079051383399,46.0
0.17391304347826084,0.25296442687747034,0.1660079051383399,0.17391304347826084,55.0
0.2845849802371541,0.17391304347826084,0.2687747035573122,0.2924901185770751,66.0
0.25296442687747034,0.20948616600790512,0.2924901185770751,0.25296442687747034,51.0
0.20553359683794464,0.2687747035573122,0.25296442687747034,0.1936758893280632,45.0
0.1660079051383399,0.2924901185770751,0.1936758893280632,0.16996047430830039,46.0
0.17391304347826084,0.25296442687747034,0.16996047430830039,0.17391304347826084,58.0
0.20948616600790512,0.1936758893280632,0.17391304347826084,0.22134387351778653,73.0
0.2687747035573122,0.16996047430830039,0.22134387351778653,0.28063241106719367,77.0
0.25296442687747034,0.22134387351778653,0.2964426877470355,0.24901185770750983,52.0
0.17391304347826084,0.24901185770750983,0.1660079051383399,0.17391304347826084,59.0
0.22134387351778653,0.19762845849802368,0.17391304347826084,0.225296442687747,75.0
0.2964426877470355,0.17391304347826084,0.28853754940711457,0.30039525691699603,64.0
0.24901185770750983,0.225296442687747,0.30039525691699603,0.24505928853754938,49.0
0.19762845849802368,0.28853754940711457,0.24505928853754938,0.18577075098814227,43.0
0.1660079051383399,0.30039525691699603,0.18577075098814227,0.16205533596837943,47.0
0.17391304347826084,0.24505928853754938,0.16205533596837943,0.17786561264822132,61.0
0.225296442687747,0.18577075098814227,0.17786561264822132,0.23320158102766797,78.0
0.28853754940711457,0.16205533596837943,0.23320158102766797,0.30039525691699603,79.0
0.30039525691699603,0.17786561264822132,0.30039525691699603,0.3043478260869565,63.0
0.18577075098814227,0.30039525691699603,0.2411067193675889,0.17786561264822132,43.0
0.16205533596837943,0.3043478260869565,0.17786561264822132,0.16205533596837943,47.0
0.17786561264822132,0.2411067193675889,0.16205533596837943,0.17786561264822132,63.0
0.23320158102766797,0.17786561264822132,0.17786561264822132,0.2411067193675889,80.0
0.30039525691699603,0.16205533596837943,0.2411067193675889,0.30830039525691694,79.0
0.3043478260869565,0.17786561264822132,0.30830039525691694,0.3043478260869565,61.0
0.17786561264822132,0.30830039525691694,0.23320158102766797,0.17391304347826084,42.0
0.16205533596837943,0.3043478260869565,0.17391304347826084,0.15810276679841895,48.0
0.17786561264822132,0.23320158102766797,0.15810276679841895,0.1818181818181818,66.0
0.2411067193675889,0.17391304347826084,0.1818181818181818,0.25296442687747034,84.0
0.30830039525691694,0.15810276679841895,0.25296442687747034,0.32411067193675885,80.0
0.3043478260869565,0.1818181818181818,0.32411067193675885,0.30830039525691694,60.0
0.23320158102766797,0.25296442687747034,0.30830039525691694,0.2292490118577075,46.0
0.15810276679841895,0.30830039525691694,0.17391304347826084,0.15810276679841895,50.0
0.1818181818181818,0.2292490118577075,0.15810276679841895,0.18972332015810275,68.0
0.25296442687747034,0.17391304347826084,0.18972332015810275,0.2608695652173913,86.0
0.32411067193675885,0.15810276679841895,0.2608695652173913,0.3320158102766798,80.0
0.30830039525691694,0.18972332015810275,0.3320158102766798,0.30830039525691694,59.0
0.17391304347826084,0.3320158102766798,0.225296442687747,0.16205533596837943,41.0
0.15810276679841895,0.30830039525691694,0.16205533596837943,0.15415019762845847,50.0
0.18972332015810275,0.225296442687747,0.15415019762845847,0.18972332015810275,71.0
0.2608695652173913,0.16205533596837943,0.18972332015810275,0.2727272727272727,88.0
0.3320158102766798,0.15415019762845847,0.2727272727272727,0.33992094861660077,79.0
0.225296442687747,0.2727272727272727,0.3043478260869565,0.2134387351778656,41.0
0.16205533596837943,0.33992094861660077,0.2134387351778656,0.15415019762845847,41.0
0.15415019762845847,0.3043478260869565,0.15415019762845847,0.15415019762845847,51.0
0.18972332015810275,0.2134387351778656,0.15415019762845847,0.1936758893280632,73.0
0.2727272727272727,0.15415019762845847,0.1936758893280632,0.28063241106719367,91.0
0.33992094861660077,0.15415019762845847,0.28063241106719367,0.3517786561264822,78.0
0.3043478260869565,0.1936758893280632,0.3517786561264822,0.30039525691699603,55.0
0.15415019762845847,0.30039525691699603,0.15415019762845847,0.150197628458498,52.0
0.1936758893280632,0.20948616600790512,0.150197628458498,0.19762845849802368,75.0
0.28063241106719367,0.15415019762845847,0.19762845849802368,0.28853754940711457,94.0
0.3517786561264822,0.150197628458498,0.28853754940711457,0.3636363636363636,78.0
0.30039525691699603,0.19762845849802368,0.3636363636363636,0.30039525691699603,54.0
0.20948616600790512,0.28853754940711457,0.30039525691699603,0.20553359683794464,39.0
0.15415019762845847,0.3636363636363636,0.20553359683794464,0.14624505928853754,40.0
0.150197628458498,0.30039525691699603,0.14624505928853754,0.150197628458498,52.0
0.28853754940711457,0.14624505928853754,0.19762845849802368,0.3043478260869565,95.0
0.30039525691699603,0.19762845849802368,0.3675889328063241,0.2924901185770751,50.0
0.20553359683794464,0.3043478260869565,0.2924901185770751,0.18972332015810275,37.0
0.14624505928853754,0.3675889328063241,0.18972332015810275,0.13833992094861658,38.0
0.150197628458498,0.2924901185770751,0.13833992094861658,0.14229249011857706,52.0
0.3043478260869565,0.13833992094861658,0.19762845849802368,0.30830039525691694,97.0
0.2924901185770751,0.19762845849802368,0.375494071146245,0.2924901185770751,50.0
0.18972332015810275,0.30830039525691694,0.2924901185770751,0.18972332015810275,36.0
0.13833992094861658,0.375494071146245,0.18972332015810275,0.1343873517786561,37.0
0.14229249011857706,0.2924901185770751,0.1343873517786561,0.13833992094861658,54.0
0.19762845849802368,0.18972332015810275,0.13833992094861658,0.20553359683794464,83.0
0.30830039525691694,0.1343873517786561,0.20553359683794464,0.3201581027667984,98.0
0.18972332015810275,0.3201581027667984,0.2845849802371541,0.17786561264822132,34.0
0.1343873517786561,0.3794466403162055,0.17786561264822132,0.12648221343873517,37.0
0.20553359683794464,0.17786561264822132,0.13833992094861658,0.20158102766798416,85.0
0.3794466403162055,0.13833992094861658,0.32806324110671936,0.38735177865612647,74.0
0.17786561264822132,0.32806324110671936,0.2845849802371541,0.16996047430830039,34.0
0.12648221343873517,0.38735177865612647,0.16996047430830039,0.12648221343873517,35.0
0.13833992094861658,0.2845849802371541,0.12648221343873517,0.13043478260869562,54.0
0.20158102766798416,0.16996047430830039,0.13043478260869562,0.20553359683794464,87.0
0.32806324110671936,0.12648221343873517,0.20553359683794464,0.33596837944664026,103.0
0.38735177865612647,0.13043478260869562,0.33596837944664026,0.3992094861660079,72.0
0.2845849802371541,0.20553359683794464,0.3992094861660079,0.27667984189723316,43.0
0.16996047430830039,0.33596837944664026,0.27667984189723316,0.16205533596837943,33.0
0.12648221343873517,0.3992094861660079,0.16205533596837943,0.1225296442687747,35.0
0.13043478260869562,0.27667984189723316,0.1225296442687747,0.13043478260869562,53.0
0.33596837944664026,0.1225296442687747,0.20158102766798416,0.33992094861660077,103.0
0.3992094861660079,0.13043478260869562,0.33992094861660077,0.3992094861660079,73.0
0.16205533596837943,0.33992094861660077,0.28063241106719367,0.16205533596837943,32.0
0.1225296442687747,0.3992094861660079,0.16205533596837943,0.11857707509881422,33.0
0.13043478260869562,0.28063241106719367,0.11857707509881422,0.1225296442687747,53.0
0.20158102766798416,0.16205533596837943,0.1225296442687747,0.20158102766798416,91.0
0.33992094861660077,0.11857707509881422,0.20158102766798416,0.3517786561264822,105.0
0.3992094861660079,0.1225296442687747,0.3517786561264822,0.40711462450592883,72.0
0.28063241106719367,0.20158102766798416,0.40711462450592883,0.27667984189723316,41.0
0.16205533596837943,0.3517786561264822,0.27667984189723316,0.15415019762845847,31.0
0.11857707509881422,0.40711462450592883,0.15415019762845847,0.11462450592885375,33.0
0.1225296442687747,0.27667984189723316,0.11462450592885375,0.1225296442687747,54.0
0.3517786561264822,0.11462450592885375,0.20553359683794464,0.3517786561264822,108.0
0.40711462450592883,0.1225296442687747,0.3517786561264822,0.41897233201581024,72.0
0.27667984189723316,0.20553359683794464,0.41897233201581024,0.27667984189723316,41.0
0.15415019762845847,0.3517786561264822,0.27667984189723316,0.15415019762845847,30.0
0.11462450592885375,0.41897233201581024,0.15415019762845847,0.11067193675889328,32.0
0.1225296442687747,0.27667984189723316,0.11067193675889328,0.11857707509881422,51.0
0.20553359683794464,0.15415019762845847,0.11857707509881422,0.1936758893280632,93.0
0.3517786561264822,0.11067193675889328,0.1936758893280632,0.35968379446640314,111.0
0.41897233201581024,0.11857707509881422,0.35968379446640314,0.43083003952569165,74.0
0.15415019762845847,0.35968379446640314,0.2845849802371541,0.15415019762845847,29.0
0.11857707509881422,0.2845849802371541,0.1067193675889328,0.11462450592885375,51.0
0.1936758893280632,0.15415019762845847,0.11462450592885375,0.1936758893280632,93.0
0.35968379446640314,0.1067193675889328,0.1936758893280632,0.35968379446640314,113.0
0.2845849802371541,0.1936758893280632,0.4387351778656126,0.28853754940711457,40.0
0.15415019762845847,0.35968379446640314,0.28853754940711457,0.150197628458498,29.0
0.1067193675889328,0.4387351778656126,0.150197628458498,0.1067193675889328,30.0
0.11462450592885375,0.28853754940711457,0.1067193675889328,0.11067193675889328,49.0
0.1936758893280632,0.150197628458498,0.11067193675889328,0.18577075098814227,92.0
0.35968379446640314,0.1067193675889328,0.18577075098814227,0.35573122529644263,118.0
0.28853754940711457,0.18577075098814227,0.458498023715415,0.30039525691699603,41.0
0.150197628458498,0.35573122529644263,0.30039525691699603,0.15415019762845847,28.0
0.1067193675889328,0.458498023715415,0.15415019762845847,0.10276679841897234,29.0
0.18577075098814227,0.15415019762845847,0.1067193675889328,0.17391304347826084,90.0
0.35573122529644263,0.10276679841897234,0.17391304347826084,0.34782608695652173,120.0
0.458498023715415,0.1067193675889328,0.34782608695652173,0.46640316205533594,82.0
0.15415019762845847,0.34782608695652173,0.3162055335968379,0.15810276679841895,29.0
0.1067193675889328,0.3162055335968379,0.1067193675889328,0.10276679841897234,45.0
0.34782608695652173,0.1067193675889328,0.16996047430830039,0.33992094861660077,124.0
0.46640316205533594,0.10276679841897234,0.33992094861660077,0.4822134387351778,86.0
0.3162055335968379,0.16996047430830039,0.4822134387351778,0.3320158102766798,43.0
0.15810276679841895,0.33992094861660077,0.3320158102766798,0.16205533596837943,27.0
0.10276679841897234,0.3320158102766798,0.09881422924901186,0.09881422924901186,41.0
0.16996047430830039,0.16205533596837943,0.09881422924901186,0.15415019762845847,83.0
0.33992094861660077,0.09881422924901186,0.15415019762845847,0.3201581027667984,126.0
0.16205533596837943,0.3201581027667984,0.3517786561264822,0.16996047430830039,27.0
0.09881422924901186,0.49011857707509876,0.16996047430830039,0.09881422924901186,26.0
0.09881422924901186,0.3517786561264822,0.09881422924901186,0.09486166007905138,38.0
0.3201581027667984,0.09881422924901186,0.14229249011857706,0.30039525691699603,127.0
0.49011857707509876,0.09486166007905138,0.30039525691699603,0.49407114624505927,99.0
0.3517786561264822,0.14229249011857706,0.49407114624505927,0.38339920948616596,47.0
0.16996047430830039,0.30039525691699603,0.38339920948616596,0.17786561264822132,27.0
0.09881422924901186,0.49407114624505927,0.17786561264822132,0.09881422924901186,24.0
0.09486166007905138,0.38339920948616596,0.09881422924901186,0.08695652173913043,35.0
0.49407114624505927,0.08695652173913043,0.27667984189723316,0.49011857707509876,106.0
0.38339920948616596,0.13043478260869562,0.49011857707509876,0.4110671936758893,52.0
0.17786561264822132,0.27667984189723316,0.4110671936758893,0.19762845849802368,28.0
0.09881422924901186,0.49011857707509876,0.19762845849802368,0.10276679841897234,23.0
0.13043478260869562,0.19762845849802368,0.08300395256916995,0.11857707509881422,65.0
0.27667984189723316,0.10276679841897234,0.11857707509881422,0.24901185770750983,123.0
0.49011857707509876,0.08300395256916995,0.24901185770750983,0.47826086956521735,116.0
0.19762845849802368,0.24901185770750983,0.450592885375494,0.2134387351778656,29.0
0.10276679841897234,0.47826086956521735,0.2134387351778656,0.1067193675889328,22.0
0.08300395256916995,0.450592885375494,0.1067193675889328,0.07905138339920949,28.0
0.11857707509881422,0.2134387351778656,0.07905138339920949,0.10276679841897234,56.0
0.24901185770750983,0.1067193675889328,0.10276679841897234,0.2134387351778656,117.0
0.47826086956521735,0.07905138339920949,0.2134387351778656,0.45454545454545453,126.0
0.450592885375494,0.10276679841897234,0.45454545454545453,0.49011857707509876,64.0
0.2134387351778656,0.2134387351778656,0.49011857707509876,0.24505928853754938,30.0
0.07905138339920949,0.49011857707509876,0.11067193675889328,0.07905138339920949,27.0
0.2134387351778656,0.11067193675889328,0.09881422924901186,0.18577075098814227,107.0
0.45454545454545453,0.07905138339920949,0.18577075098814227,0.41501976284584974,133.0
0.49011857707509876,0.09881422924901186,0.41501976284584974,0.5177865612648221,74.0
0.24505928853754938,0.18577075098814227,0.5177865612648221,0.2845849802371541,32.0
0.11067193675889328,0.41501976284584974,0.2845849802371541,0.11857707509881422,21.0
0.07905138339920949,0.5177865612648221,0.11857707509881422,0.07509881422924901,23.0
0.09881422924901186,0.2845849802371541,0.07509881422924901,0.08300395256916995,41.0
0.41501976284584974,0.07509881422924901,0.15415019762845847,0.3675889328063241,140.0
0.11857707509881422,0.3675889328063241,0.32411067193675885,0.1343873517786561,21.0
0.07509881422924901,0.5454545454545454,0.1343873517786561,0.07509881422924901,21.0
0.15415019762845847,0.1343873517786561,0.07509881422924901,0.13043478260869562,80.0
0.32411067193675885,0.13043478260869562,0.549407114624506,0.38339920948616596,42.0
0.1343873517786561,0.30830039525691694,0.38339920948616596,0.15810276679841895,22.0
0.07509881422924901,0.549407114624506,0.15810276679841895,0.07905138339920949,20.0
0.07509881422924901,0.38339920948616596,0.07905138339920949,0.07114624505928853,29.0
0.30830039525691694,0.07905138339920949,0.1067193675889328,0.2569169960474308,135.0
0.549407114624506,0.07114624505928853,0.2569169960474308,0.525691699604743,117.0
0.38339920948616596,0.1067193675889328,0.525691699604743,0.45454545454545453,49.0
0.07905138339920949,0.525691699604743,0.18577075098814227,0.08695652173913043,18.0
0.07114624505928853,0.45454545454545453,0.08695652173913043,0.06324110671936758,25.0
0.2569169960474308,0.08695652173913043,0.09090909090909091,0.19762845849802368,122.0
0.525691699604743,0.06324110671936758,0.19762845849802368,0.4743083003952569,134.0
0.45454545454545453,0.09090909090909091,0.4743083003952569,0.5217391304347826,62.0
0.18577075098814227,0.19762845849802368,0.5217391304347826,0.23715415019762842,26.0
0.08695652173913043,0.4743083003952569,0.23715415019762842,0.09486166007905138,18.0
0.09090909090909091,0.23715415019762842,0.06324110671936758,0.07114624505928853,41.0
0.19762845849802368,0.09486166007905138,0.07114624505928853,0.15415019762845847,104.0
0.5217391304347826,0.07114624505928853,0.40316205533596833,0.5770750988142292,79.0
0.23715415019762842,0.15415019762845847,0.5770750988142292,0.3043478260869565,32.0
0.09486166007905138,0.40316205533596833,0.3043478260869565,0.11857707509881422,18.0
0.06324110671936758,0.5770750988142292,0.11857707509881422,0.06324110671936758,19.0
0.07114624505928853,0.3043478260869565,0.06324110671936758,0.06719367588932806,32.0
0.15415019762845847,0.11857707509881422,0.06719367588932806,0.11857707509881422,82.0
0.40316205533596833,0.06324110671936758,0.11857707509881422,0.3162055335968379,151.0
0.5770750988142292,0.06719367588932806,0.3162055335968379,0.5889328063241107,100.0
0.3043478260869565,0.11857707509881422,0.5889328063241107,0.38735177865612647,39.0
0.11857707509881422,0.3162055335968379,0.38735177865612647,0.14624505928853754,19.0
0.06719367588932806,0.38735177865612647,0.06719367588932806,0.05928853754940712,25.0
0.3162055335968379,0.06719367588932806,0.09090909090909091,0.23715415019762842,140.0
0.5889328063241107,0.05928853754940712,0.23715415019762842,0.5454545454545454,128.0
0.38735177865612647,0.09090909090909091,0.5454545454545454,0.4980237154150197,52.0
0.14624505928853754,0.23715415019762842,0.4980237154150197,0.19762845849802368,22.0
0.06719367588932806,0.5454545454545454,0.19762845849802368,0.07905138339920949,17.0
0.05928853754940712,0.4980237154150197,0.07905138339920949,0.05928853754940712,21.0
0.09090909090909091,0.19762845849802368,0.05928853754940712,0.07509881422924901,44.0
0.5454545454545454,0.05928853754940712,0.1660079051383399,0.450592885375494,150.0
0.4980237154150197,0.07509881422924901,0.450592885375494,0.5849802371541502,71.0
0.07905138339920949,0.450592885375494,0.2727272727272727,0.09881422924901186,18.0
0.05928853754940712,0.5849802371541502,0.09881422924901186,0.06324110671936758,18.0
0.1660079051383399,0.09881422924901186,0.06324110671936758,0.11857707509881422,88.0
0.450592885375494,0.06324110671936758,0.11857707509881422,0.33992094861660077,159.0
0.2727272727272727,0.11857707509881422,0.6205533596837944,0.3794466403162055,36.0
0.06324110671936758,0.6205533596837944,0.1343873517786561,0.06719367588932806,16.0
0.11857707509881422,0.1343873517786561,0.05533596837944664,0.09090909090909091,61.0
0.33992094861660077,0.06719367588932806,0.09090909090909091,0.23320158102766797,146.0
0.3794466403162055,0.09090909090909091,0.5691699604743083,0.5138339920948617,52.0
0.1343873517786561,0.23320158102766797,0.5138339920948617,0.19762845849802368,21.0
0.06719367588932806,0.5691699604743083,0.19762845849802368,0.07509881422924901,17.0
0.05533596837944664,0.5138339920948617,0.07509881422924901,0.05928853754940712,19.0
0.09090909090909091,0.19762845849802368,0.05928853754940712,0.06719367588932806,41.0
0.23320158102766797,0.07509881422924901,0.06719367588932806,0.15415019762845847,113.0
0.5691699604743083,0.05928853754940712,0.15415019762845847,0.4387351778656126,161.0
0.5138339920948617,0.06719367588932806,0.4387351778656126,0.6284584980237155,76.0
0.19762845849802368,0.15415019762845847,0.6284584980237155,0.2924901185770751,28.0
0.07509881422924901,0.4387351778656126,0.2924901185770751,0.10276679841897234,16.0
0.05928853754940712,0.6284584980237155,0.10276679841897234,0.05533596837944664,16.0
0.06719367588932806,0.2924901185770751,0.05533596837944664,0.05533596837944664,28.0
0.15415019762845847,0.10276679841897234,0.05533596837944664,0.10276679841897234,77.0
0.6284584980237155,0.05533596837944664,0.2964426877470355,0.6363636363636364,114.0
0.2924901185770751,0.10276679841897234,0.6363636363636364,0.44268774703557306,39.0
0.05533596837944664,0.44268774703557306,0.06719367588932806,0.05138339920948616,20.0
0.6363636363636364,0.05138339920948616,0.17786561264822132,0.5138339920948617,156.0
0.44268774703557306,0.07114624505928853,0.5138339920948617,0.6086956521739131,62.0
0.06719367588932806,0.5138339920948617,0.23715415019762842,0.08695652173913043,15.0
0.05138339920948616,0.6086956521739131,0.08695652173913043,0.05138339920948616,16.0
0.07114624505928853,0.23715415019762842,0.05138339920948616,0.05533596837944664,30.0
0.17786561264822132,0.08695652173913043,0.05533596837944664,0.11067193675889328,86.0
0.5138339920948617,0.05138339920948616,0.11067193675889328,0.3320158102766798,173.0
0.6086956521739131,0.05533596837944664,0.3320158102766798,0.6758893280632411,102.0
0.23715415019762842,0.11067193675889328,0.6758893280632411,0.39525691699604737,34.0
0.08695652173913043,0.3320158102766798,0.39525691699604737,0.12648221343873517,16.0
0.05138339920948616,0.6758893280632411,0.12648221343873517,0.05533596837944664,13.0
0.3320158102766798,0.05533596837944664,0.06719367588932806,0.18972332015810275,141.0
0.12648221343873517,0.18972332015810275,0.6007905138339921,0.21739130434782605,21.0
0.05533596837944664,0.549407114624506,0.21739130434782605,0.07509881422924901,13.0
0.043478260869565216,0.6007905138339921,0.07509881422924901,0.043478260869565216,14.0
0.06719367588932806,0.21739130434782605,0.043478260869565216,0.047430830039525695,27.0
0.18972332015810275,0.07509881422924901,0.047430830039525695,0.09881422924901186,87.0
0.549407114624506,0.043478260869565216,0.09881422924901186,0.33596837944664026,179.0
0.6007905138339921,0.047430830039525695,0.33596837944664026,0.6996047430830039,103.0
0.21739130434782605,0.09881422924901186,0.6996047430830039,0.3992094861660079,33.0
0.043478260869565216,0.6996047430830039,0.1225296442687747,0.05138339920948616,12.0
0.047430830039525695,0.3992094861660079,0.05138339920948616,0.03952569169960474,18.0
0.09881422924901186,0.1225296442687747,0.03952569169960474,0.06324110671936758,45.0
0.33596837944664026,0.05138339920948616,0.06324110671936758,0.16996047430830039,136.0
0.6996047430830039,0.03952569169960474,0.16996047430830039,0.5296442687747036,166.0
0.3992094861660079,0.06324110671936758,0.5296442687747036,0.6482213438735178,61.0
0.1225296442687747,0.16996047430830039,0.6482213438735178,0.23320158102766797,20.0
0.05138339920948616,0.5296442687747036,0.23320158102766797,0.07114624505928853,12.0
0.03952569169960474,0.6482213438735178,0.07114624505928853,0.03952569169960474,13.0
0.16996047430830039,0.07114624505928853,0.043478260869565216,0.08300395256916995,0.0
0.3320158102766798,0.07905138339920949,0.11857707509881422,0.27667984189723316,138.0
0.549407114624506,0.07509881422924901,0.27667984189723316,0.5375494071146245,111.0
0.07905138339920949,0.5375494071146245,0.1818181818181818,0.08300395256916995,19.0
0.43083003952569165,0.09881422924901186,0.5019762845849802,0.5019762845849802,58.0
0.06719367588932806,0.5019762845849802,0.09881422924901186,0.06719367588932806,24.0
0.43478260869565216,0.07114624505928853,0.13833992094861658,0.35573122529644263,152.0
0.11067193675889328,0.35573122529644263,0.35968379446640314,0.1343873517786561,20.0
0.35968379446640314,0.1067193675889328,0.5691699604743083,0.45454545454545453,46.0
0.45454545454545453,0.07905138339920949,0.4980237154150197,0.5533596837944664,62.0
0.07905138339920949,0.23715415019762842,0.05928853754940712,0.06719367588932806,37.0
0.38735177865612647,0.05928853754940712,0.09881422924901186,0.27667984189723316,154.0
0.3320158102766798,0.09881422924901186,0.6007905138339921,0.458498023715415,43.0
0.11857707509881422,0.27667984189723316,0.458498023715415,0.16205533596837943,20.0
0.1225296442687747,0.1225296442687747,0.047430830039525695,0.07905138339920949,58.0
0.35573122529644263,0.05533596837944664,0.07905138339920949,0.22134387351778653,149.0
0.047430830039525695,0.5335968379446641,0.07114624505928853,0.05138339920948616,16.0
0.05138339920948616,0.6600790513833992,0.10276679841897234,0.05138339920948616,14.0
0.6600790513833992,0.047430830039525695,0.24901185770750983,0.6245059288537549,133.0
0.10276679841897234,0.24901185770750983,0.5177865612648221,0.16996047430830039,18.0
0.05138339920948616,0.6245059288537549,0.16996047430830039,0.06324110671936758,14.0
0.047430830039525695,0.5177865612648221,0.06324110671936758,0.047430830039525695,16.0
0.07114624505928853,0.16996047430830039,0.03952569169960474,0.047430830039525695,30.0
0.6363636363636364,0.03952569169960474,0.11067193675889328,0.3794466403162055,185.0
0.047430830039525695,0.5652173913043478,0.22134387351778653,0.06719367588932806,11.0
0.043478260869565216,0.38735177865612647,0.03952569169960474,0.03162055335968379,13.0
0.38735177865612647,0.043478260869565216,0.44268774703557306,0.8063241106719368,82.0
0.09881422924901186,0.11067193675889328,0.8063241106719368,0.3162055335968379,21.0
0.03162055335968379,0.8063241106719368,0.07509881422924901,0.03557312252964427,9.0
0.3162055335968379,0.03162055335968379,0.46640316205533594,0.841897233201581,77.0
0.03557312252964427,0.46640316205533594,0.2964426877470355,0.07114624505928853,10.0
0.03162055335968379,0.2964426877470355,0.03162055335968379,0.023715415019762844,9.0
0.841897233201581,0.01185770750988142,0.003952569169960474,0.007905138339920948,19.0
0.003952569169960474,0.4861660079051383,0.11067193675889328,0.10276679841897234,41.0
0.06719367588932806,0.11067193675889328,0.15415019762845847,0.2727272727272727,98.0
0.4861660079051383,0.15415019762845847,0.3794466403162055,0.3043478260869565,49.0
0.11067193675889328,0.3794466403162055,0.18577075098814227,0.12648221343873517,33.0
0.18577075098814227,0.28853754940711457,0.2924901185770751,0.1818181818181818,34.0
0.37154150197628455,0.12648221343873517,0.31225296442687744,0.38339920948616596,76.0
0.12648221343873517,0.2924901185770751,0.11857707509881422,0.1225296442687747,49.0
0.32806324110671936,0.11067193675889328,0.18577075098814227,0.32806324110671936,106.0
0.16205533596837943,0.32806324110671936,0.2845849802371541,0.16205533596837943,31.0
0.4110671936758893,0.11462450592885375,0.33596837944664026,0.4229249011857707,76.0
0.33596837944664026,0.1067193675889328,0.17786561264822132,0.33596837944664026,110.0
0.33992094861660077,0.10276679841897234,0.16996047430830039,0.3320158102766798,117.0
0.10276679841897234,0.45454545454545453,0.15810276679841895,0.09486166007905138,26.0
0.10276679841897234,0.3162055335968379,0.09486166007905138,0.09486166007905138,43.0
0.46245059288537543,0.09090909090909091,0.30830039525691694,0.4703557312252964,90.0
0.37154150197628455,0.13043478260869562,0.47826086956521735,0.39525691699604737,50.0
0.39525691699604737,0.11462450592885375,0.4703557312252964,0.4268774703557312,53.0
0.4703557312252964,0.07509881422924901,0.21739130434782605,0.45454545454545453,120.0
0.09881422924901186,0.45454545454545453,0.225296442687747,0.10276679841897234,20.0
0.10276679841897234,0.225296442687747,0.07114624505928853,0.09090909090909091,49.0
0.45454545454545453,0.07114624505928853,0.18577075098814227,0.4229249011857707,128.0
0.46640316205533594,0.09090909090909091,0.4229249011857707,0.4980237154150197,68.0
0.225296442687747,0.18577075098814227,0.4980237154150197,0.2608695652173913,31.0
0.18577075098814227,0.11462450592885375,0.08300395256916995,0.16205533596837943,98.0
0.08300395256916995,0.2964426877470355,0.07905138339920949,0.07905138339920949,36.0
0.16205533596837943,0.12648221343873517,0.07905138339920949,0.1343873517786561,86.0
0.28063241106719367,0.08300395256916995,0.09486166007905138,0.225296442687747,129.0
0.41501976284584974,0.09486166007905138,0.5019762845849802,0.4861660079051383,55.0
0.09486166007905138,0.20948616600790512,0.06324110671936758,0.07905138339920949,47.0
0.225296442687747,0.08695652173913043,0.07905138339920949,0.17786561264822132,114.0
0.07905138339920949,0.2608695652173913,0.06324110671936758,0.06719367588932806,36.0
0.17786561264822132,0.10276679841897234,0.06719367588932806,0.1343873517786561,93.0
0.1343873517786561,0.12648221343873517,0.06324110671936758,0.10276679841897234,72.0
0.35968379446640314,0.06719367588932806,0.10276679841897234,0.27667984189723316,147.0
0.5731225296442688,0.05533596837944664,0.20158102766798416,0.5098814229249012,137.0
0.43478260869565216,0.08300395256916995,0.5098814229249012,0.5335968379446641,58.0
0.08300395256916995,0.22134387351778653,0.05533596837944664,0.06719367588932806,38.0
0.5335968379446641,0.06719367588932806,0.40316205533596833,0.6086956521739131,80.0
0.08695652173913043,0.40316205533596833,0.30830039525691694,0.11067193675889328,17.0
0.43478260869565216,0.07509881422924901,0.5138339920948617,0.5652173913043478,59.0
0.150197628458498,0.1936758893280632,0.5652173913043478,0.225296442687747,22.0
0.5138339920948617,0.05138339920948616,0.11857707509881422,0.37154150197628455,164.0
0.05138339920948616,0.6403162055335968,0.11067193675889328,0.05533596837944664,14.0
0.047430830039525695,0.5059288537549407,0.06719367588932806,0.043478260869565216,17.0
0.06719367588932806,0.4387351778656126,0.28853754940711457,0.09090909090909091,14.0
0.05928853754940712,0.28853754940711457,0.047430830039525695,0.043478260869565216,24.0
0.47826086956521735,0.05533596837944664,0.458498023715415,0.6640316205533597,71.0
0.05928853754940712,0.458498023715415,0.2727272727272727,0.08695652173913043,13.0
0.1225296442687747,0.08695652173913043,0.03557312252964427,0.05928853754940712,51.0
0.2964426877470355,0.043478260869565216,0.03952569169960474,0.11067193675889328,107.0
0.03952569169960474,0.3162055335968379,0.03162055335968379,0.027667984189723317,12.0
0.08300395256916995,0.1343873517786561,0.7509881422924901,0.24505928853754938,18.0
0.03952569169960474,0.24505928853754938,0.03162055335968379,0.023715415019762844,13.0
0.24505928853754938,0.043478260869565216,0.5770750988142292,0.7628458498023716,58.0
0.06324110671936758,0.13833992094861658,0.7628458498023716,0.22134387351778653,16.0
0.043478260869565216,0.22134387351778653,0.027667984189723317,0.023715415019762844,10.0
0.13833992094861658,0.05533596837944664,0.023715415019762844,0.03162055335968379,29.0
0.2569169960474308,0.019762845849802372,0.25296442687747034,0.9288537549407114,137.0
0.9288537549407114,0.015810276679841896,0.007905138339920948,0.01185770750988142,25.0
0.007905138339920948,0.9130434782608695,0.03952569169960474,0.019762845849802372,7.0
0.1936758893280632,0.019762845849802372,0.30830039525691694,0.7865612648221344,109.0
0.1067193675889328,0.14229249011857706,0.6600790513833992,0.2411067193675889,20.0
0.03557312252964427,0.6758893280632411,0.12648221343873517,0.047430830039525695,11.0
0.047430830039525695,0.2569169960474308,0.03557312252964427,0.03557312252964427,20.0
0.4743083003952569,0.03557312252964427,0.07114624505928853,0.24505928853754938,169.0
0.07509881422924901,0.24505928853754938,0.5098814229249012,0.14624505928853754,13.0
0.5098814229249012,0.03952569169960474,0.38735177865612647,0.7351778656126482,88.0
0.14624505928853754,0.10276679841897234,0.7351778656126482,0.33992094861660077,25.0
0.043478260869565216,0.38735177865612647,0.33992094861660077,0.09090909090909091,11.0
0.33992094861660077,0.047430830039525695,0.549407114624506,0.6877470355731226,57.0
0.15415019762845847,0.05928853754940712,0.03162055335968379,0.05533596837944664,56.0
0.05928853754940712,0.2134387351778656,0.5810276679841897,0.15415019762845847,14.0
0.023715415019762844,0.766798418972332,0.11857707509881422,0.03557312252964427,8.0
0.766798418972332,0.023715415019762844,0.05928853754940712,0.25296442687747034,207.0
0.019762845849802372,0.5098814229249012,0.03162055335968379,0.019762845849802372,6.0
0.11067193675889328,0.03952569169960474,0.7549407114624506,0.6719367588932806,39.0
0.015810276679841896,0.6719367588932806,0.03557312252964427,0.019762845849802372,6.0
0.3320158102766798,0.023715415019762844,0.007905138339920948,0.003952569169960474,2.0
0.023715415019762844,0.0,0.019762845849802372,0.08300395256916995,8.0
0.0,0.015810276679841896,0.05533596837944664,0.1225296442687747,57.0
0.08300395256916995,0.05533596837944664,0.21739130434782605,0.24901185770750983,56.0
0.023715415019762844,0.24901185770750983,0.17391304347826084,0.17391304347826084,54.0
0.24505928853754938,0.17391304347826084,0.22134387351778653,0.2569169960474308,67.0
0.225296442687747,0.22134387351778653,0.2569169960474308,0.2292490118577075,50.0
0.2292490118577075,0.18972332015810275,0.19762845849802368,0.23320158102766797,71.0
0.26482213438735175,0.17391304347826084,0.23320158102766797,0.2727272727272727,68.0
0.2608695652173913,0.19762845849802368,0.2727272727272727,0.2608695652173913,58.0
0.22134387351778653,0.23320158102766797,0.2608695652173913,0.22134387351778653,48.0
0.17391304347826084,0.2608695652173913,0.17786561264822132,0.16996047430830039,53.0
0.20158102766798416,0.2134387351778656,0.16996047430830039,0.20158102766798416,65.0
0.24901185770750983,0.17391304347826084,0.20948616600790512,0.2569169960474308,74.0
0.2569169960474308,0.20948616600790512,0.2845849802371541,0.25296442687747034,54.0
0.20948616600790512,0.20553359683794464,0.17391304347826084,0.20948616600790512,70.0
0.2569169960474308,0.1660079051383399,0.20948616600790512,0.2687747035573122,76.0
0.2924901185770751,0.17391304347826084,0.28063241106719367,0.2964426877470355,65.0
0.1936758893280632,0.28063241106719367,0.24901185770750983,0.19762845849802368,44.0
0.16996047430830039,0.2964426877470355,0.19762845849802368,0.1660079051383399,46.0
0.28063241106719367,0.1660079051383399,0.225296442687747,0.28853754940711457,78.0
0.24505928853754938,0.23320158102766797,0.3043478260869565,0.2411067193675889,47.0
0.2411067193675889,0.2411067193675889,0.3043478260869565,0.23320158102766797,46.0
0.17391304347826084,0.32411067193675885,0.2292490118577075,0.17391304347826084,42.0
0.2292490118577075,0.2608695652173913,0.30830039525691694,0.225296442687747,43.0
0.30830039525691694,0.18972332015810275,0.33992094861660077,0.3043478260869565,56.0
0.2134387351778656,0.28063241106719367,0.30039525691699603,0.20948616600790512,41.0
0.15415019762845847,0.3517786561264822,0.20948616600790512,0.15415019762845847,40.0
0.19762845849802368,0.20553359683794464,0.150197628458498,0.19762845849802368,79.0
0.3636363636363636,0.150197628458498,0.3043478260869565,0.3675889328063241,76.0
0.19762845849802368,0.18972332015810275,0.14229249011857706,0.19762845849802368,80.0
0.3675889328063241,0.14229249011857706,0.30830039525691694,0.375494071146245,76.0
0.375494071146245,0.13833992094861658,0.3201581027667984,0.3794466403162055,74.0
0.2924901185770751,0.20553359683794464,0.3794466403162055,0.2845849802371541,47.0
0.13833992094861658,0.2845849802371541,0.12648221343873517,0.13833992094861658,53.0
0.3201581027667984,0.12648221343873517,0.20158102766798416,0.32806324110671936,100.0
0.2845849802371541,0.20158102766798416,0.38735177865612647,0.2845849802371541,45.0
0.20553359683794464,0.16205533596837943,0.13043478260869562,0.20158102766798416,88.0
0.27667984189723316,0.20158102766798416,0.3992094861660079,0.28063241106719367,43.0
0.20158102766798416,0.15415019762845847,0.1225296442687747,0.20553359683794464,91.0
0.27667984189723316,0.1936758893280632,0.43083003952569165,0.2845849802371541,41.0
0.11067193675889328,0.43083003952569165,0.15415019762845847,0.1067193675889328,31.0
0.43083003952569165,0.11462450592885375,0.35968379446640314,0.4387351778656126,75.0
0.4387351778656126,0.11067193675889328,0.35573122529644263,0.458498023715415,78.0
0.11067193675889328,0.30039525691699603,0.10276679841897234,0.1067193675889328,46.0
0.30039525691699603,0.17391304347826084,0.46640316205533594,0.3162055335968379,42.0
0.10276679841897234,0.46640316205533594,0.15810276679841895,0.1067193675889328,28.0
0.17391304347826084,0.15810276679841895,0.10276679841897234,0.16996047430830039,88.0
0.1067193675889328,0.4822134387351778,0.16205533596837943,0.09881422924901186,27.0
0.4822134387351778,0.09881422924901186,0.3201581027667984,0.49011857707509876,91.0
0.3320158102766798,0.15415019762845847,0.49011857707509876,0.3517786561264822,45.0
0.15415019762845847,0.16996047430830039,0.09486166007905138,0.14229249011857706,78.0
0.14229249011857706,0.17786561264822132,0.08695652173913043,0.13043478260869562,72.0
0.30039525691699603,0.09881422924901186,0.13043478260869562,0.27667984189723316,126.0
0.08695652173913043,0.4110671936758893,0.10276679841897234,0.08300395256916995,32.0
0.4110671936758893,0.11857707509881422,0.47826086956521735,0.450592885375494,56.0
0.1067193675889328,0.45454545454545453,0.24505928853754938,0.11067193675889328,22.0
0.10276679841897234,0.24505928853754938,0.07905138339920949,0.09881422924901186,49.0
0.18577075098814227,0.11857707509881422,0.08300395256916995,0.15415019762845847,95.0
0.5177865612648221,0.08300395256916995,0.3675889328063241,0.5454545454545454,84.0
0.2845849802371541,0.15415019762845847,0.5454545454545454,0.32411067193675885,36.0
0.08300395256916995,0.32411067193675885,0.07509881422924901,0.07509881422924901,35.0
0.3675889328063241,0.07509881422924901,0.13043478260869562,0.30830039525691694,141.0
0.5454545454545454,0.07509881422924901,0.30830039525691694,0.549407114624506,99.0
0.13043478260869562,0.15810276679841895,0.07114624505928853,0.1067193675889328,67.0
0.15810276679841895,0.2569169960474308,0.45454545454545453,0.18577075098814227,24.0
0.1067193675889328,0.18577075098814227,0.06324110671936758,0.09090909090909091,52.0
0.06324110671936758,0.5217391304347826,0.09486166007905138,0.06324110671936758,20.0
0.4743083003952569,0.06324110671936758,0.15415019762845847,0.40316205533596833,148.0
0.06324110671936758,0.5889328063241107,0.14624505928853754,0.06719367588932806,17.0
0.11857707509881422,0.14624505928853754,0.05928853754940712,0.09090909090909091,62.0
0.23715415019762842,0.07905138339920949,0.07509881422924901,0.1660079051383399,116.0
0.19762845849802368,0.1660079051383399,0.5849802371541502,0.2727272727272727,27.0
0.07509881422924901,0.2727272727272727,0.06324110671936758,0.06324110671936758,32.0
0.5849802371541502,0.06324110671936758,0.33992094861660077,0.6205533596837944,98.0
0.09881422924901186,0.33992094861660077,0.3794466403162055,0.1343873517786561,19.0
0.06324110671936758,0.3794466403162055,0.06719367588932806,0.05533596837944664,25.0
0.6205533596837944,0.05533596837944664,0.23320158102766797,0.5691699604743083,132.0
0.4387351778656126,0.05533596837944664,0.10276679841897234,0.2964426877470355,163.0
0.10276679841897234,0.2964426877470355,0.44268774703557306,0.14624505928853754,19.0
0.05533596837944664,0.6363636363636364,0.14624505928853754,0.06719367588932806,15.0
0.10276679841897234,0.14624505928853754,0.05138339920948616,0.07114624505928853,47.0
0.2964426877470355,0.06719367588932806,0.07114624505928853,0.17786561264822132,132.0
0.14624505928853754,0.17786561264822132,0.6086956521739131,0.23715415019762842,24.0
0.05533596837944664,0.39525691699604737,0.05533596837944664,0.043478260869565216,19.0
0.11067193675889328,0.12648221343873517,0.043478260869565216,0.06719367588932806,50.0
0.6758893280632411,0.043478260869565216,0.18972332015810275,0.549407114624506,154.0
0.39525691699604737,0.06719367588932806,0.549407114624506,0.6007905138339921,57.0
0.07509881422924901,0.33596837944664026,0.3992094861660079,0.1225296442687747,15.0
0.06324110671936758,0.23320158102766797,0.03952569169960474,0.043478260869565216,23.0
