0,1,2,3,4,5,6,7,target
0.0,0.0,0.0,0.5684878799538284,0.041367898510755674,0.17395223073456512,0.0,0.0,3.74
0.0,0.0,0.0,0.5825317429780685,0.07372678801250232,0.15817936007210454,0.0,0.0,4.33
0.02657491650351261,0.019232383137046467,0.0,0.7852379120174426,0.35484464055892634,0.09238395673726901,0.0,0.0,7.019
0.02657491650351261,0.019232383137046467,0.0,0.7630498909837117,0.3469387755102041,0.0964398377647589,0.0,0.0,6.723
0.02657491650351261,0.019232383137046467,0.0,0.6742336796203667,0.3232211803640375,0.18657052726453355,0.0,0.0,5.979
0.6200046067027525,0.572826041346127,0.16666666666666666,0.42548416057457994,0.6760433903291045,0.4740874267688147,0.0,0.36363636363636365,6.064
0.02657491650351261,0.019232383137046467,0.0,0.5879825573938694,0.24287552858981437,0.398377647589004,0.0,0.0,7.337
0.0,0.0,0.0,0.6228677696549955,0.24232395660967093,0.30734565119423163,0.0,0.0,4.1
0.0,0.0,0.0,0.5459150955495704,0.1470858613715757,0.4366831906264083,0.0,0.0,3.941
0.0,0.0,0.0,0.5894574836475568,0.1226328369185512,0.5042812077512393,0.0,0.0,3.809
0.0,0.0,0.0,0.6136975759907657,0.1470858613715757,0.5119423163587202,0.0,0.0,4.34
0.034636646320396175,0.031490404789213076,0.05555555555555555,0.4657560600230858,0.1470858613715757,0.5439387111311402,0.09090909090909091,0.0,3.93
0.200593112979385,0.17035520463255657,0.0,0.6135693215339233,0.5006435006435006,0.44118972510139703,0.0,0.18181818181818182,7.371
0.06849591155130715,0.0543035079866842,0.0,0.4193920738745671,0.06140834712263285,0.3758449752140604,0.09090909090909091,0.09090909090909091,3.78
0.2652884947598756,0.18724823062075138,0.05555555555555555,0.6875080159035527,0.5835631549917266,0.4024335286164939,0.09090909090909091,0.09090909090909091,4.112
0.0,0.0,0.0,0.5961908426317815,0.18183489612061043,0.29607931500675977,0.0,0.0,3.533
0.0,0.0,0.0,0.4848659740925997,0.0,0.13835060838215407,0.0,0.0,4.632
0.10229759299781181,0.08242824572691415,0.0,0.7070026933435937,0.5285898143041001,0.3799008562415503,0.0,0.09090909090909091,7.693
0.04914775999078659,0.04396347945282122,0.0,0.4263178145440554,0.041367898510755674,0.6214511041009463,0.0,0.0,0.673
0.09829551998157318,0.08792695890564244,0.0,0.41823778376298576,0.12024269167126311,0.5461919783686346,0.0,0.0,3.323
0.1943740642635034,0.1817862338098302,0.05555555555555555,0.6188277542644607,0.43096157381871664,0.29607931500675977,0.0,0.09090909090909091,2.955
0.1420304042381665,0.1500807760091756,0.1111111111111111,0.48133897652943436,0.2338665195808053,0.32717440288418204,0.09090909090909091,0.09090909090909091,4.216
0.35189450650696763,0.27195114275323806,0.1111111111111111,0.5035269975631653,0.46166574738003313,0.5295178008111763,0.4545454545454546,0.18181818181818182,2.593
0.05314983300702522,0.03846476627409293,0.0,0.4942926766705143,0.21088435374149656,0.5835962145110409,0.0,0.0,2.272
0.009328573073822411,0.005461996810921197,0.0,1.0,0.8268063982349696,0.5759351059035602,0.09090909090909091,0.0,5.96
0.034636646320396175,0.031490404789213076,0.05555555555555555,0.8448121072207259,0.6236440522154809,0.5736818386660658,0.09090909090909091,0.0,6.537
0.15711735575262006,0.07173329230424931,0.0,0.7756829549826856,0.5563522706379849,0.5831455610635421,0.0,0.0,7.1
0.3403777496257054,0.4171014350854617,0.2777777777777778,0.5545081441580095,0.520316234601949,0.4204596665164488,0.0,0.0,6.424
0.10739375791777035,0.11859037121996252,0.05555555555555555,0.6204950622034116,0.2996874425445854,0.39882830103650285,0.0,0.09090909090909091,4.355
0.009328573073822411,0.005461996810921197,0.0,0.7006540977298961,0.41514984372127234,0.46372239747634075,0.09090909090909091,0.0,5.721
0.035903489577335024,0.02469437994796766,0.0,0.6587790175708605,0.43427100569957716,0.4921135646687697,0.09090909090909091,0.0,5.102
0.0,0.0,0.0,0.5561113248685392,0.04872219157933441,0.13023884632717436,0.0,0.0,3.718
0.0,0.026156041066383195,0.0,0.5432858791843016,0.04872219157933441,0.19873817034700314,0.0,0.0,3.577
0.13131982033859266,0.049425476263742406,0.0,0.6065153264075926,0.28626585769442914,0.2794051374493015,0.09090909090909091,0.0,6.458
0.034636646320396175,0.031490404789213076,0.05555555555555555,0.5151340259074002,0.12024269167126311,0.6538981523208653,0.09090909090909091,0.0,2.352
0.24994241621559368,0.21227655467591686,0.16666666666666666,0.4588303193535975,0.3563154991726421,0.5114916629112212,0.18181818181818182,0.0,2.958
0.3812622365541863,0.3432665678238733,0.1111111111111111,0.7005258432730537,0.7324875896304468,0.3632266786840919,0.36363636363636365,0.0,5.44
0.11649199585396752,0.1492555319327496,0.1111111111111111,0.7503526997563166,0.36789851075565366,0.09193330328977015,0.0,0.0,4.838
0.0,0.0,0.0,0.7630498909837117,0.3377459091744806,0.2045966651644885,0.0,0.0,6.858
0.05824599792698376,0.0746268917671413,0.05555555555555555,0.6648069770424522,0.2746828461114176,0.42721946822893203,0.0,0.0,6.36
0.11649199585396752,0.1492555319327496,0.1111111111111111,0.6253687315634218,0.3368266225409083,0.2866155926092835,0.0,0.0,4.301
0.0,0.0,0.0,0.622354751827626,0.1926824783967641,0.37404236142406483,0.0,0.0,3.772
0.07491650351261085,0.05751706436903796,0.1111111111111111,0.55399512633064,0.18955690384261814,0.32041460117169895,0.09090909090909091,0.0,4.179
0.04914775999078659,0.04396347945282122,0.0,0.5382198281390278,0.1847766133480419,0.448400180261379,0.0,0.0,3.061
0.0,0.0,0.0,0.6228677696549955,0.2057363485934915,0.4366831906264083,0.0,0.0,4.867
0.0,0.0,0.0,0.6228677696549955,0.2057363485934915,0.4366831906264083,0.0,0.0,5.373
0.0,0.0,0.0,0.6297293830960626,0.205552491266777,0.41595313204146006,0.0,0.0,3.522
0.04914775999078659,0.04396347945282122,0.0,0.393035782993459,0.028497885640742793,0.6575033799008563,0.0,0.0,0.55
0.08378440631118278,0.0754538842420343,0.05555555555555555,0.6106194690265486,0.2643868358154073,0.2217214961694457,0.09090909090909091,0.09090909090909091,4.714
0.10739375791777035,0.11859037121996252,0.05555555555555555,0.4218930357829934,0.07372678801250232,0.5863001351960342,0.0,0.09090909090909091,3.17
0.11649199585396752,0.1492555319327496,0.1111111111111111,0.45863793766833394,0.14120242691671264,0.5917079765660207,0.0,0.0,1.22
0.0,0.0,0.0,0.5561113248685392,0.07372678801250232,0.24560612888688593,0.0,0.0,3.631
0.298485546470114,0.20894235879933978,0.05555555555555555,0.6407592663845069,0.33958448244162537,0.41910770617395227,0.2727272727272727,0.0,3.725
0.3220948980767016,0.252078845777268,0.05555555555555555,0.5866358855970245,0.2989520132377275,0.345200540784137,0.18181818181818182,0.0,6.0
0.11035932281469538,0.09468626737908076,0.05555555555555555,0.5666923175580352,0.296378010663725,0.4560612888688598,0.09090909090909091,0.0,6.32
0.2167165726131521,0.1948694995384228,0.1111111111111111,0.4633192253430807,0.31421217135502855,0.3370887787291572,0.18181818181818182,0.18181818181818182,2.201
0.04914775999078659,0.04396347945282122,0.0,0.4263178145440554,0.06140834712263285,0.6214511041009463,0.0,0.0,2.815
0.2523897270528619,0.24476704338825636,0.16666666666666666,0.5152622803642426,0.46221731936017646,0.47679134745380797,0.18181818181818182,0.09090909090909091,3.819
0.10739375791777035,0.11859037121996252,0.05555555555555555,0.45094267025779144,0.10608567751424897,0.5763857593510591,0.0,0.09090909090909091,3.16
0.14156973396291606,0.09694519819845022,0.0,0.6806464024624856,0.42820371391799966,0.3429472735466426,0.2727272727272727,0.0,4.72
0.2679373488425659,0.27564550871401794,0.1111111111111111,0.5425163524432474,0.5087332230189374,0.40919333032897703,0.0,0.0,4.333
0.0,0.0,0.0,0.6145953571886623,0.09358337929766503,0.6394772420009014,0.0,0.0,3.87
0.10739375791777035,0.11859037121996252,0.05555555555555555,0.4772348339104784,0.1371575657289943,0.5705272645335737,0.0,0.09090909090909091,3.358
0.10739375791777035,0.11859037121996252,0.05555555555555555,0.545466204950622,0.19488876631733776,0.562415502478594,0.0,0.09090909090909091,3.08
0.05824599792698376,0.0746268917671413,0.05555555555555555,0.5591894318327562,0.1847766133480419,0.5926092834610186,0.0,0.0,3.115
0.1514453529885984,0.12639172517973538,0.0,0.7171347954341414,0.5344732487589632,0.5921586300135195,0.0,0.18181818181818182,5.749
0.1514453529885984,0.12639172517973538,0.0,0.7613184558163396,0.5318992461849605,0.505182514646237,0.0,0.18181818181818182,4.55
0.15711735575262006,0.07173329230424931,0.0,0.7473387200205207,0.4947600661886376,0.5876520955385309,0.0,0.0,6.383
0.0,0.0,0.0,0.6388354495318712,0.12465526751241035,0.6246056782334386,0.0,0.0,4.34
0.23522975929978118,0.20184386102330265,0.05555555555555555,0.7622162370142362,0.6661150946865233,0.5570076611086074,0.09090909090909091,0.2727272727272727,4.85
0.05824599792698376,0.0746268917671413,0.05555555555555555,0.7397075798383994,0.37672366243794814,0.4353312302839117,0.0,0.0,6.064
0.05824599792698376,0.0746268917671413,0.05555555555555555,0.7232910093625753,0.35171906600478026,0.42721946822893203,0.0,0.0,6.36
0.1446504664286537,0.04661754832573363,0.0,0.6215852250865718,0.32892075749218613,0.41685443893645785,0.09090909090909091,0.09090909090909091,6.074
0.05824599792698376,0.0746268917671413,0.05555555555555555,0.5377709375400795,0.1833057547343262,0.5989184317260028,0.0,0.0,3.226
0.3538811470689854,0.36810256804766833,0.16666666666666666,0.4690265486725664,0.4761904761904762,0.5322217214961695,0.2727272727272727,0.09090909090909091,2.626
0.13131982033859266,0.049425476263742406,0.0,0.5592535590611774,0.2656738371024085,0.4547093285263632,0.09090909090909091,0.0,4.474
0.1279799608430266,0.02934861666713291,0.0,0.5761831473643709,0.15444015444015446,0.2879675529517801,0.09090909090909091,0.09090909090909091,5.429
0.11035932281469538,0.09468626737908076,0.05555555555555555,0.5247531101705785,0.2706379849236992,0.1608832807570978,0.09090909090909091,0.0,6.848
0.20194633191293332,0.08900746915825104,0.16666666666666666,0.4511991791714762,0.16712630998345285,0.2821090581342947,0.18181818181818182,0.0,3.85
0.1514453529885984,0.12639172517973538,0.0,0.6453764268308324,0.40393454679168966,0.4844524560612889,0.0,0.18181818181818182,4.878
0.1514453529885984,0.12639172517973538,0.0,0.6757086058740541,0.4721456150027579,0.3916178458765209,0.0,0.18181818181818182,5.19
0.02657491650351261,0.019232383137046467,0.0,0.5591894318327562,0.21143592572164,0.6638125281658405,0.0,0.0,3.7
0.13287458251756304,0.09616016728676532,0.0,0.5486725663716814,0.5269350983636698,0.558810274898603,0.0,0.0,5.291
0.15711735575262006,0.07173329230424931,0.0,0.6533282031550596,0.3927192498621071,0.6723749436683191,0.0,0.0,6.042
0.0,0.0,0.0,0.6417853020392459,0.23552123552123555,0.3916178458765209,0.0,0.0,5.548
0.13131982033859266,0.049425476263742406,0.0,0.5397588816211363,0.23791138076852364,0.44794952681388006,0.09090909090909091,0.0,4.608
0.3491304848554647,0.010925742020309395,0.0,0.5973451327433628,0.38518109946681384,0.2618296529968454,0.18181818181818182,0.0,6.188
0.27317747322354025,0.2613820740201975,0.0,0.6831473643709118,0.37635594778451925,0.4515547543938711,0.2727272727272727,0.0,6.24
0.05824599792698376,0.0746268917671413,0.05555555555555555,0.4356162626651276,0.06140834712263285,0.6701216764308247,0.0,0.0,0.935
0.11968789588851779,0.10014826419000196,0.05555555555555555,0.4604335000641272,0.28461114175399893,0.7084272194682288,0.18181818181818182,0.0,3.25
0.11171254174824369,0.0,0.05555555555555555,0.5008336539694754,0.06140834712263285,0.4195583596214511,0.0,0.0,6.102
0.24965449729356212,0.04753021232550983,0.0,0.545466204950622,0.25629711343997064,0.3636773321315908,0.0,0.0,6.579
0.26577795692732925,0.12403313564774666,0.1111111111111111,0.5541233807874824,0.38279095421952564,0.32356917530419105,0.2727272727272727,0.0,7.044
0.2839168490153173,0.10046297591406272,0.0,0.5450814415800949,0.34767420481706196,0.5232086525461919,0.2727272727272727,0.0,9.14
0.1279799608430266,0.02934861666713291,0.0,0.520841349236886,0.09358337929766503,0.22442541685443895,0.09090909090909091,0.09090909090909091,5.308
0.16166647472071863,0.06298080957842615,0.1111111111111111,0.4511991791714762,0.1616105901820188,0.3244704821991888,0.18181818181818182,0.0,2.838
0.16166647472071863,0.06298080957842615,0.1111111111111111,0.5380915736821854,0.26861555432984,0.23614240648940965,0.18181818181818182,0.0,3.351
0.18061153979039501,0.15102316278289088,0.1111111111111111,0.559125304604335,0.2717411288839861,0.4384858044164038,0.4545454545454546,0.0,3.331
0.24910745134170215,0.20532667076957506,0.1111111111111111,0.5436065153264076,0.3086964515535944,0.4132492113564668,0.5454545454545454,0.09090909090909091,6.447
0.05824599792698376,0.0746268917671413,0.05555555555555555,0.4023342311145312,0.028497885640742793,0.7345651194231635,0.0,0.0,0.59
0.30994471956696995,0.3128182085209948,0.0,0.6839168911119662,0.5414598271741129,0.3591707976566021,0.09090909090909091,0.18181818181818182,5.03
0.0757226764942992,0.06319586258986769,0.0,0.4772348339104784,0.1329288472145615,0.686795853988283,0.0,0.09090909090909091,2.827
0.1514453529885984,0.12639172517973538,0.0,0.46383224317045013,0.22485751057179626,0.6845425867507886,0.0,0.18181818181818182,2.899
0.3980767016008292,0.15059480515847481,0.0,0.4448505835577786,0.3408714837286266,0.3898152320865254,0.0,0.18181818181818182,8.349
0.1514453529885984,0.12639172517973538,0.0,0.578619982044376,0.31384445670159955,0.46507435781883727,0.0,0.18181818181818182,3.603
0.1506679718991132,0.10916650348280975,0.0,0.4497242529177889,0.2277992277992278,0.5682739972960793,0.09090909090909091,0.09090909090909091,2.668
0.02657491650351261,0.019232383137046467,0.0,0.4646658971399256,0.09358337929766503,0.77602523659306,0.0,0.0,1.73
0.28904180582747896,0.16045926930931267,0.0,0.5853533410286007,0.3498804927376356,0.6949076160432628,0.09090909090909091,0.0,9.141
0.3194748358862144,0.024203079978739474,0.0,0.6114531229960241,0.3704725133296562,0.273997296079315,0.0,0.0,6.442
0.2745882759414949,0.09500097910314152,0.0,0.569385661151725,0.35208678065820925,0.501577287066246,0.18181818181818182,0.0,8.564
0.3322872279166187,0.12503147117240607,0.0,0.5559189431832756,0.3498804927376356,0.4569625957638575,0.09090909090909091,0.0,8.15
0.23747552689162732,0.06565236243600861,0.0,0.6194048993202513,0.3320463320463321,0.4015322217214961,0.09090909090909091,0.0,8.849
0.3194748358862144,0.024203079978739474,0.0,0.5397588816211363,0.27946313660599376,0.32942767012167645,0.0,0.0,8.207
0.18608199930899458,0.15788038157048143,0.05555555555555555,0.5192381685263563,0.32818532818532825,0.4799459215863002,0.09090909090909091,0.18181818181818182,3.072
0.06121156282390879,0.05072278792625955,0.05555555555555555,0.5945876619212518,0.31421217135502855,0.4069400630914826,0.09090909090909091,0.0,5.036
0.2200564321087182,0.01210241418860324,0.0,0.5879825573938694,0.28553042838757126,0.24966200991437582,0.0,0.0,7.483
0.11171254174824369,0.0,0.05555555555555555,0.46755162241887904,0.028497885640742793,0.4037854889589905,0.0,0.0,5.562
0.13131982033859266,0.049425476263742406,0.0,0.5146210080800308,0.25684868542011396,0.3970256872465074,0.09090909090909091,0.0,4.437
0.3194748358862144,0.024203079978739474,0.0,0.49807618314736435,0.2577679720536864,0.31861198738170343,0.0,0.0,7.128
0.55830358171139,0.5819194617730159,0.2777777777777778,0.4044504296524304,0.6857878286449717,0.5723298783235691,0.09090909090909091,0.09090909090909091,3.277
0.5184843947944259,0.5434197275295829,0.2777777777777778,0.4225343080672053,0.6995771281485568,0.5930599369085174,0.18181818181818182,0.09090909090909091,3.795
0.5266325002879189,0.526524953142921,0.2222222222222222,0.41567269462613826,0.6909358337929767,0.5872014420910321,0.09090909090909091,0.09090909090909091,4.602
0.14226073937579176,0.12445100288136068,0.05555555555555555,0.7186738489162499,0.4664460378746093,0.39026588553402436,0.18181818181818182,0.18181818181818182,4.307
0.07491650351261085,0.05751706436903796,0.1111111111111111,0.55399512633064,0.19415333701047988,0.32041460117169895,0.09090909090909091,0.0,6.13
0.037112749049867555,0.02934861666713291,0.0,0.5116711555726561,0.19415333701047988,0.4155024785939612,0.09090909090909091,0.0,3.481
0.22405850512495679,0.1737296136738747,0.2222222222222222,0.6088239066307555,0.3333333333333334,0.2298332582244254,0.36363636363636365,0.0,4.632
0.21470114015893121,0.2572820796150726,0.1111111111111111,0.5280877260484802,0.43629343629343637,0.40288418206399285,0.2727272727272727,0.09090909090909091,3.432
0.06780490613843142,0.054889221473130606,0.0,0.42362447095036554,0.1287001287001287,0.8161333934204598,0.18181818181818182,0.0,1.601
0.16860532074167914,0.1328170895459759,0.0,0.5190457868410927,0.31053502482073914,0.6282109058134295,0.36363636363636365,0.0,7.037
0.11105032822757112,0.010925742020309395,0.0,0.4511991791714762,0.1287001287001287,0.4096439837764759,0.18181818181818182,0.0,2.232
0.17663825866635954,0.06298080957842615,0.1111111111111111,0.39585738104399126,0.08733223018937308,0.26813880126182965,0.18181818181818182,0.0,3.392
0.276286997581481,0.010925742020309395,0.0,0.44247787610619466,0.1970950542379114,0.2338891392519153,0.18181818181818182,0.0,4.858
0.3491304848554647,0.010925742020309395,0.0,0.44247787610619466,0.22559293987865414,0.17845876520955384,0.18181818181818182,0.0,6.059
0.4031440746285846,0.20842483285310656,0.2222222222222222,0.3612928049249711,0.2717411288839861,0.2906714736367733,0.2727272727272727,0.0,7.378
0.10537832546354947,0.035427798136906594,0.0,0.5001923816852636,0.16363302077587794,0.8075709779179812,0.2727272727272727,0.0,1.43
0.5229183461937118,0.5680074551710633,0.38888888888888884,0.38822624086186996,0.4833609119323405,0.2622803064443443,0.18181818181818182,0.09090909090909091,3.573
0.5229183461937118,0.5680074551710633,0.38888888888888884,0.3572527895344363,0.47710976282404866,0.29923388913925186,0.18181818181818182,0.09090909090909091,6.43
0.009328573073822411,0.005461996810921197,0.0,0.55399512633064,0.1926824783967641,0.43262730959891843,0.09090909090909091,0.0,4.385
0.17663825866635954,0.06298080957842615,0.1111111111111111,0.517763242272669,0.22632836918551202,0.21135646687697157,0.18181818181818182,0.0,3.298
0.32120234941840375,0.1737908076202199,0.1111111111111111,0.455559830704117,0.4460378746093033,0.40919333032897703,0.36363636363636365,0.0,2.685
0.04644132212368997,0.0348106134780541,0.0,0.49493394895472614,0.27082184225041367,0.43938711131140157,0.18181818181818182,0.0,4.733
0.2159679834158701,0.224330013707444,0.05555555555555555,0.48685391817365653,0.46056260341974625,0.42857142857142855,0.2727272727272727,0.09090909090909091,3.674
0.18389381550155476,0.010925742020309395,0.0,0.42606130563037065,0.17926089354660785,0.26002703920684994,0.18181818181818182,0.0,5.47
0.24090176206380284,0.1471871765462836,0.05555555555555555,0.43574451712197,0.25684868542011396,0.8161333934204598,0.09090909090909091,0.09090909090909091,5.76
0.3304157549234136,0.09965696422077377,0.05555555555555555,0.36494805694497884,0.22320279463136605,0.33889139251915273,0.09090909090909091,0.09090909090909091,5.13
0.2772659219163883,0.17841357316697903,0.05555555555555555,0.3836732076439656,0.2636514065085494,0.43938711131140157,0.2727272727272727,0.18181818181818182,5.12
0.26836922722561324,0.2064631297731278,0.05555555555555555,0.40393741182506093,0.24912667769810626,0.6142406489409644,0.18181818181818182,0.0,5.9
0.21878958885177932,0.12898634850476964,0.05555555555555555,0.46383224317045013,0.23276337562051852,0.40739071653898157,0.18181818181818182,0.0,5.551
0.136934239318208,0.11391690211766023,0.05555555555555555,0.5069257406694883,0.3162346019488877,0.44344299233889134,0.09090909090909091,0.0,6.52
0.1635091558217206,0.13314928525470668,0.05555555555555555,0.48159548544311914,0.3162346019488877,0.4799459215863002,0.09090909090909091,0.0,6.883
0.11035932281469538,0.09468626737908076,0.05555555555555555,0.5558548159548544,0.31715388858246,0.32942767012167645,0.09090909090909091,0.0,5.942
0.20194633191293332,0.08900746915825104,0.16666666666666666,0.36257534949339487,0.07372678801250232,0.16493916178458767,0.18181818181818182,0.0,3.979
0.13635840147414488,0.03695240160013428,0.05555555555555555,0.4249070155187893,0.11527854384997244,0.34700315457413244,0.18181818181818182,0.0,2.188
0.21185074283081884,0.11162125493048368,0.1111111111111111,0.47069385661151725,0.3927192498621071,0.49887336638125274,0.2727272727272727,0.0,3.008
0.034636646320396175,0.031490404789213076,0.05555555555555555,0.5325766320379633,0.18183489612061043,0.3519603424966201,0.09090909090909091,0.0,5.79
0.05824599792698376,0.0746268917671413,0.05555555555555555,0.3611645504681288,0.0,0.9337539432176656,0.0,0.0,0.989
0.20004606702752506,0.24873066271295494,0.0,0.67602924201616,0.5302445302445302,0.4001802613789996,0.18181818181818182,0.09090909090909091,5.742
0.18950823448117007,0.14120940218759617,0.0,0.6501218417340002,0.5300606729178159,0.3632266786840919,0.2727272727272727,0.0,6.756
0.4747783024300357,0.2523515959381207,0.2222222222222222,0.42362447095036554,0.4271005699577128,0.24876070301937808,0.36363636363636365,0.0,4.33
0.22071864562939075,0.18937078635969454,0.1111111111111111,0.5471976401179941,0.45375988233131087,0.38575935105903564,0.18181818181818182,0.0,4.652
0.1514453529885984,0.12639172517973538,0.0,0.5419392073874567,0.26990255561684134,0.4506534474988733,0.0,0.18181818181818182,3.77
0.10229759299781181,0.08242824572691415,0.0,0.6677568295498268,0.43537414965986393,0.5642181162685893,0.0,0.09090909090909091,5.475
0.16077392606242083,0.13185372199065656,0.0,0.5356547390021803,0.3478580621437764,0.5218566922036953,0.09090909090909091,0.18181818181818182,3.536
0.08505124956812161,0.06865785940078888,0.0,0.6074131076054893,0.3360911932340504,0.4335286164939162,0.09090909090909091,0.09090909090909091,4.339
0.08482091443049637,0.09385927490418776,0.05555555555555555,0.4081698089008593,0.10608567751424897,0.7530419107706174,0.0,0.0,0.59
0.10229759299781181,0.08242824572691415,0.0,0.44786456329357444,0.17503217503217505,0.7422262280306444,0.0,0.09090909090909091,2.511
0.11139583093400897,0.11309165804123424,0.05555555555555555,0.4277286135693215,0.2037139179996323,0.7314105452906714,0.0,0.0,1.888
0.1887884371760912,0.13425951828125438,0.05555555555555555,0.44472232910093623,0.18367346938775514,0.5642181162685893,0.0,0.0,7.699
0.2605954163307613,0.1148173273281674,0.05555555555555555,0.36469154803129405,0.17080345651774226,0.505182514646237,0.09090909090909091,0.09090909090909091,4.107
0.25172751353218936,0.09688050745517106,0.1111111111111111,0.3350006412722842,0.10571796286082003,0.48715637674628215,0.09090909090909091,0.0,6.618
0.3322872279166187,0.12503147117240607,0.0,0.5364242657432345,0.3162346019488877,0.45515998197386204,0.09090909090909091,0.0,7.671
0.3322872279166187,0.12503147117240607,0.0,0.5160959343337181,0.31016731016731014,0.4538080216313655,0.09090909090909091,0.0,7.341
0.3841990095589082,0.13146732592944863,0.0,0.4714633833525715,0.37396580253723105,0.2974312753492564,0.2727272727272727,0.09090909090909091,7.858
0.02657491650351261,0.019232383137046467,0.0,0.6820572014877517,0.22522522522522526,0.13474538080216308,0.0,0.0,7.012
0.08482091443049637,0.09385927490418776,0.05555555555555555,0.6075413620623317,0.22522522522522526,0.12032447048219919,0.0,0.0,6.176
0.08482091443049637,0.09385927490418776,0.05555555555555555,0.5888162113633448,0.2175032175032175,0.15277151870211808,0.0,0.0,5.527
0.29042381665323047,0.19668433714717318,0.0,0.623380787482365,0.30538701967273396,0.4335286164939162,0.18181818181818182,0.0,5.636
0.08482091443049637,0.09385927490418776,0.05555555555555555,0.5888162113633448,0.21823864681007538,0.15277151870211808,0.0,0.0,5.372
0.10149142001612346,0.07674944750608442,0.1111111111111111,0.4932666410157753,0.19415333701047988,0.36052275799909866,0.09090909090909091,0.0,5.571
0.11968789588851779,0.10014826419000196,0.05555555555555555,0.5312299602411183,0.29619415333701055,0.40288418206399285,0.18181818181818182,0.0,3.155
0.2772947138085915,0.13589776764483733,0.05555555555555555,0.4855713736052328,0.46626218054789487,0.3947724200090131,0.2727272727272727,0.0,3.594
0.10149142001612346,0.07674944750608442,0.1111111111111111,0.4932666410157753,0.19231476374333517,0.36052275799909866,0.09090909090909091,0.0,5.642
0.08482091443049637,0.09385927490418776,0.05555555555555555,0.4932666410157753,0.19231476374333517,0.37539432176656157,0.0,0.0,3.48
0.02657491650351261,0.019232383137046467,0.0,0.5325766320379633,0.18183489612061043,0.3979269941415052,0.0,0.0,3.432
0.10149142001612346,0.07674944750608442,0.1111111111111111,0.4932666410157753,0.18955690384261814,0.36052275799909866,0.09090909090909091,0.0,4.011
0.08482091443049637,0.09385927490418776,0.05555555555555555,0.4932666410157753,0.18955690384261814,0.37539432176656157,0.0,0.0,3.68
0.21806979154670042,0.16381444596749378,0.16666666666666666,0.5541233807874824,0.6186799043941902,0.3627760252365931,0.18181818181818182,0.0,5.132
0.2732062651157434,0.03630549416734272,0.0,0.5731691676285751,0.305019305019305,0.41144659756647134,0.0,0.0,6.79
0.25345502706437867,0.15102316278289088,0.1111111111111111,0.6176093369244581,0.35484464055892634,0.38260477692654343,0.4545454545454546,0.0,4.485
0.29373488425659333,0.17705157076118275,0.16666666666666666,0.559125304604335,0.26824783967641114,0.3627760252365931,0.4545454545454546,0.0,4.288
0.0,0.0,0.0,0.6417853020392459,0.18955690384261814,0.3916178458765209,0.0,0.0,5.45
0.0,0.0,0.0,0.622354751827626,0.17926089354660785,0.37404236142406483,0.0,0.0,4.53
0.05824599792698376,0.0746268917671413,0.05555555555555555,0.55399512633064,0.17926089354660785,0.33303289770166744,0.0,0.0,4.765
0.0,0.0,0.0,0.6020264204181095,0.16988416988416988,0.35241099594411895,0.0,0.0,3.524
0.297564205919613,0.28194498839063414,0.1111111111111111,0.567333589842247,0.377459091744806,0.23298783235691756,0.09090909090909091,0.0,4.14
0.0,0.0,0.0,0.6417853020392459,0.2057363485934915,0.3916178458765209,0.0,0.0,4.317
0.0,0.0,0.0,0.6192125176349879,0.16988416988416988,0.22848129788192878,0.0,0.0,4.933
0.05824599792698376,0.0746268917671413,0.05555555555555555,0.5325766320379633,0.16988416988416988,0.3010365029292474,0.0,0.0,3.71
0.037112749049867555,0.02934861666713291,0.0,0.5839425420033346,0.25887111601397317,0.313204146011717,0.09090909090909091,0.0,3.618
0.0,0.0,0.0,0.6491599333076824,0.2471042471042471,0.26453357368183866,0.0,0.0,4.98
0.08130830358171139,0.0,0.0,0.616583301269719,0.22761537047251335,0.19378098242451552,0.0,0.0,4.025
0.0,0.0,0.0,0.6020264204181095,0.16878102592388305,0.35241099594411895,0.0,0.0,3.653
0.07491650351261085,0.05751706436903796,0.1111111111111111,0.5325766320379633,0.16878102592388305,0.2866155926092835,0.09090909090909091,0.0,5.168
0.05824599792698376,0.0746268917671413,0.05555555555555555,0.5325766320379633,0.16878102592388305,0.3010365029292474,0.0,0.0,3.76
0.13192445007485892,0.08872597700506336,0.0,0.557073233294857,0.2037139179996323,0.2978819287967553,0.09090909090909091,0.0,4.04
0.0,0.0,0.0,0.6491599333076824,0.2434271005699577,0.26453357368183866,0.0,0.0,5.001
0.0,0.0,0.0,0.6020264204181095,0.16694245265673835,0.35241099594411895,0.0,0.0,3.791
0.05824599792698376,0.0746268917671413,0.05555555555555555,0.5325766320379633,0.16694245265673835,0.3010365029292474,0.0,0.0,3.863
0.24277323505700793,0.21873863540996447,0.1111111111111111,0.4222777991535206,0.32138260709689287,0.44434429923388913,0.18181818181818182,0.09090909090909091,2.359
0.08130830358171139,0.0,0.0,0.616583301269719,0.2250413678985108,0.19378098242451552,0.0,0.0,4.756
0.0,0.0,0.0,0.5710529690906758,0.08733223018937308,0.5493465525011265,0.0,0.0,4.002
0.0,0.0,0.0,0.5205848403232012,0.041367898510755674,0.12663361874718343,0.0,0.0,3.28
0.10229759299781181,0.08242824572691415,0.0,0.7070026933435937,0.5285898143041001,0.2911221270842722,0.0,0.09090909090909091,8.067
0.04914775999078659,0.04396347945282122,0.0,0.505835577786328,0.09358337929766503,0.3947724200090131,0.0,0.09090909090909091,2.576
0.0,0.0,0.0,0.624406823137104,0.10093767236624379,0.7746732762505633,0.0,0.0,4.927
0.0,0.0,0.0,0.6029883288444273,0.09358337929766503,0.1135646687697161,0.0,0.0,4.186
0.0,0.0,0.0,0.5803514172117481,0.08733223018937308,0.10094637223974762,0.0,0.0,3.46
0.0,0.07846812319914959,0.0,0.5684878799538284,0.09358337929766503,0.20279405137449302,0.0,0.0,3.954
0.0,0.0,0.0,0.8087726048480185,0.36017650303364596,0.13023884632717436,0.0,0.0,8.271
0.0,0.0,0.0,0.5561113248685392,0.04872219157933441,1.0,0.0,0.0,3.643
0.0,0.0,0.0,0.5298832884442735,0.041367898510755674,0.09959441189725102,0.0,0.0,3.254
0.0,0.0,0.0,0.6415287931255611,0.17981246552675123,0.32401982875168994,0.0,0.0,6.72
0.036076240930553956,0.019232383137046467,0.0,0.6988585353341028,0.34234234234234234,0.11807120324470483,0.0,0.0,6.508
0.1755729586548428,0.10735865946792739,0.0,0.6332563806592278,0.3215664644236073,0.3600721045515998,0.0,0.0,5.3
0.036076240930553956,0.019232383137046467,0.0,0.6835962549698602,0.31016731016731014,0.10049571879224875,0.0,0.0,6.21
0.0,0.0,0.0,0.7419520328331409,0.27854384997242143,0.07886435331230285,0.0,0.0,6.777
0.0,0.0,0.0,0.7640759266384507,0.28920757492186067,0.0829202343397927,0.0,0.0,6.623
0.0,0.0,0.0,0.5468128767474669,0.07372678801250232,0.09914375844975212,0.0,0.0,3.485
0.0,0.0,0.0,0.5205848403232012,0.06140834712263285,0.12663361874718343,0.0,0.0,2.642
0.0,0.0,0.0,0.5803514172117481,0.1027762456333885,0.1726002703920685,0.0,0.0,3.655
0.0,0.0,0.0,0.5803514172117481,0.07905865048722188,0.10094637223974762,0.0,0.0,3.842
0.0,0.0,0.0,0.5561113248685392,0.07372678801250232,0.24560612888688593,0.0,0.0,3.339
0.036076240930553956,0.019232383137046467,0.0,0.43952802359882004,0.12667769810626955,0.34114465975664715,0.0,0.0,3.587
0.0,0.0,0.0,0.5468128767474669,0.09358337929766503,0.18206399278954488,0.0,0.0,4.322
0.0,0.0,0.0,0.5298832884442735,0.06140834712263285,0.19693555655700762,0.0,0.0,2.49
0.05314983300702522,0.03846476627409293,0.0,0.5073746312684365,0.21143592572164,0.42316358720144204,0.0,0.0,2.937
0.19388460209604977,0.1652708618905083,0.1111111111111111,0.3943183275618828,0.11104982533553964,0.6313654799459216,0.0,0.0,3.044
0.0,0.0,0.0,0.710529690906759,0.18716675859533,0.08111762054979721,0.0,0.0,5.6
0.0,0.0,0.0,0.6739130434782608,0.17650303364589082,0.09824245155475439,0.0,0.0,4.75
0.05824599792698376,0.0746268917671413,0.05555555555555555,0.6640374503013979,0.20592020592020593,0.0,0.0,0.0,5.56
0.0,0.0,0.0,0.8130050019238169,0.31770546056260346,0.09553853086976113,0.0,0.0,7.61
0.0,0.0,0.0,0.8282672822880595,0.33186247471961766,0.08472284812978817,0.0,0.0,8.78
0.05824599792698376,0.0746268917671413,0.05555555555555555,0.6086956521739131,0.18882147453576026,0.14465975664713832,0.0,0.0,5.632
0.0,0.0,0.0,0.710529690906759,0.18882147453576026,0.08111762054979721,0.0,0.0,4.874
0.05824599792698376,0.0746268917671413,0.05555555555555555,0.6258817493907913,0.18882147453576026,0.05768364127985576,0.0,0.0,4.495
0.0,0.0,0.0,0.7292548416057458,0.1974627688913403,0.08877872915727802,0.0,0.0,4.674
0.07491650351261085,0.05751706436903796,0.1111111111111111,0.6258817493907913,0.18955690384261814,0.038305543037404216,0.09090909090909091,0.0,4.761
0.05824599792698376,0.0746268917671413,0.05555555555555555,0.6258817493907913,0.18955690384261814,0.05768364127985576,0.0,0.0,4.864
0.0,0.0,0.0,0.8282672822880595,0.3348041919470492,0.08472284812978817,0.0,0.0,8.44
0.0,0.0,0.0,0.7642683083237143,0.30814487957345105,0.1333934204596665,0.0,0.0,5.64
0.15849936657837152,0.10795836014210983,0.0,0.6888546877003976,0.377826806398235,0.1451104100946372,0.09090909090909091,0.0,5.878
0.13192445007485892,0.08872597700506336,0.0,0.6127997947928691,0.21419378562235708,0.08877872915727802,0.09090909090909091,0.0,4.434
0.2658931244961419,0.30501685456122196,0.05555555555555555,0.659612671540336,0.43629343629343637,0.23479044614691302,0.09090909090909091,0.09090909090909091,4.257
0.05824599792698376,0.0746268917671413,0.05555555555555555,0.5711812235475182,0.17926089354660785,0.20549797205948622,0.0,0.0,5.691
0.0,0.0,0.0,0.6567269462613825,0.17926089354660785,0.1694456962595764,0.0,0.0,5.42
0.11499481745940342,0.18233872772540352,0.0,0.6878927792740797,0.43335171906600484,0.3249211356466877,0.2727272727272727,0.0,4.713
0.0,0.0,0.0,0.6739130434782608,0.17926089354660785,0.09824245155475439,0.0,0.0,4.83
0.07491650351261085,0.05751706436903796,0.1111111111111111,0.5883673207643966,0.17926089354660785,0.08156827399729608,0.09090909090909091,0.0,5.43
0.05824599792698376,0.0746268917671413,0.05555555555555555,0.5883673207643966,0.17926089354660785,0.09869310500225326,0.0,0.0,4.797
0.13192445007485892,0.08872597700506336,0.0,0.6127997947928691,0.21327449898878476,0.08877872915727802,0.09090909090909091,0.0,4.66
0.0,0.0,0.0,0.7974220854174683,0.3186247471961758,0.11176205497972058,0.0,0.0,6.989
0.07491650351261085,0.05751706436903796,0.1111111111111111,0.5883673207643966,0.17926089354660785,0.08156827399729608,0.09090909090909091,0.0,4.742
0.08482091443049637,0.09385927490418776,0.05555555555555555,0.6597409259971784,0.3469387755102041,0.15006759801712483,0.0,0.0,6.109
0.13192445007485892,0.08872597700506336,0.0,0.5956136975759907,0.21217135502849788,0.2005407841369986,0.09090909090909091,0.0,4.268
0.21631348612230794,0.17619310711388367,0.16666666666666666,0.7027061690393741,0.489428203713918,0.18972510139702564,0.4545454545454546,0.0,6.65
0.0,0.0,0.0,0.6363986148518661,0.16988416988416988,0.13249211356466872,0.0,0.0,4.138
0.11968789588851779,0.10014826419000196,0.05555555555555555,0.6172887007823522,0.4214009928295643,0.3303289770166742,0.18181818181818182,0.0,4.992
0.12242312564781758,0.07747678126835819,0.0,0.717711940489932,0.3502482073910645,0.2861649391617846,0.0,0.0,4.711
0.13192445007485892,0.08872597700506336,0.0,0.5742593305117353,0.2057363485934915,0.15141955835962145,0.09090909090909091,0.0,4.31
0.0,0.0,0.0,0.7642683083237143,0.31310902739474167,0.1333934204596665,0.0,0.0,6.209
0.0,0.0,0.0,0.6965499551109401,0.29509100937672367,0.19918882379450203,0.0,0.0,5.626
0.0,0.0,0.0,0.7974220854174683,0.3232211803640375,0.11176205497972058,0.0,0.0,8.16
0.0,0.0,0.0,0.7974220854174683,0.314763743335172,0.11176205497972058,0.0,0.0,6.99
0.08689393066912357,0.084851526002182,0.0,0.6871873797614467,0.4328001470858614,0.26408292023433977,0.2727272727272727,0.0,6.212
0.0,0.0,0.0,0.6663460305245608,0.2471042471042471,0.17890941865705273,0.0,0.0,5.5
0.0,0.0,0.0,0.6363986148518661,0.16878102592388305,0.13249211356466872,0.0,0.0,4.304
0.13192445007485892,0.08872597700506336,0.0,0.5742593305117353,0.2037139179996323,0.15141955835962145,0.09090909090909091,0.0,3.84
0.0,0.0,0.0,0.6965499551109401,0.29251700680272114,0.19918882379450203,0.0,0.0,5.641
0.0,0.0,0.0,0.6663460305245608,0.2434271005699577,0.17890941865705273,0.0,0.0,5.009
0.0,0.0,0.0,0.5977940233423111,0.15756572899430044,0.18837314105452901,0.0,0.0,3.918
0.0,0.0,0.0,0.6363986148518661,0.16694245265673835,0.13249211356466872,0.0,0.0,4.787
0.20925947253253485,0.12819956919461772,0.05555555555555555,0.4392073874567141,0.24912667769810626,0.5150968904912123,0.36363636363636365,0.09090909090909091,2.572
0.0633421628469423,0.127895347861359,0.0,0.6687828652045659,0.4469571612428756,0.3019378098242451,0.09090909090909091,0.0,4.9
0.17799147759990785,0.12819956919461772,0.0,0.4605617545209696,0.25831954403382973,0.5700766110860749,0.36363636363636365,0.09090909090909091,3.028
0.0,0.10462416426553278,0.0,0.5298832884442735,0.07905865048722188,0.7692654348805767,0.0,0.0,2.018
0.18922031555913854,0.17706206115198478,0.1111111111111111,0.39835834295241757,0.17926089354660785,0.3650292924740874,0.18181818181818182,0.09090909090909091,3.716
0.21470114015893121,0.2311260385486894,0.1111111111111111,0.52052071309478,0.45982717411288837,0.3668319062640829,0.2727272727272727,0.09090909090909091,3.742
0.12449614188644478,0.10387060452625395,0.0,0.6952674105425163,0.46736532450818163,0.28346101847679134,0.2727272727272727,0.0,4.579
0.114361395830934,0.11534359526673567,0.05555555555555555,0.6242785686802617,0.5087332230189374,0.3821541234790446,0.09090909090909091,0.0,5.754
0.18472878037544627,0.1616744062438806,0.0,0.6450557906887264,0.5966170251884537,0.40288418206399285,0.36363636363636365,0.18181818181818182,4.835
0.17079350454911896,0.13673175371359833,0.0,0.7232268821341541,0.5651774223202795,0.30689499774673273,0.09090909090909091,0.18181818181818182,8.582
0.17079350454911896,0.21519987691274792,0.0,0.6837886366551238,0.5719801434087148,0.3213159080666967,0.09090909090909091,0.18181818181818182,8.678
0.17079350454911896,0.13673175371359833,0.0,0.720790047454149,0.549733406876264,0.16403785488958988,0.09090909090909091,0.18181818181818182,9.945
0.17079350454911896,0.13673175371359833,0.0,0.6639091958445555,0.5394373965802537,0.2825597115817936,0.09090909090909091,0.18181818181818182,9.063
0.3287746170678337,0.17597980250090917,0.16666666666666666,0.46601256893677057,0.37874609303180734,0.3609734114465976,0.5454545454545454,0.09090909090909091,2.533
0.21706207531959001,0.11749937057655187,0.0,0.6045273823265358,0.3280014708586137,0.35646687697160884,0.09090909090909091,0.18181818181818182,6.475
0.2826787976505816,0.10860876437183539,0.0,0.46440938822624084,0.15444015444015446,0.20820189274447948,0.18181818181818182,0.18181818181818182,6.251
0.17079350454911896,0.16288779477998153,0.0,0.6877645248172374,0.544585401728259,0.2821090581342947,0.09090909090909091,0.18181818181818182,9.133
0.17079350454911896,0.13673175371359833,0.0,0.6772476593561626,0.5394373965802537,0.21586300135196035,0.09090909090909091,0.18181818181818182,10.047
0.10439940112864217,0.10515567739950205,0.0,0.6249839681928947,0.4539437396580254,0.36998648039657506,0.18181818181818182,0.09090909090909091,4.92
0.14272140965104227,0.112998992922483,0.0,0.3967551622418879,0.18183489612061043,0.3704371338440739,0.2727272727272727,0.09090909090909091,3.34
0.6845272371300242,0.38997503286989116,0.4444444444444444,0.4186866743619341,0.41349512778084213,0.3420459666516449,0.6363636363636364,0.09090909090909091,2.928
0.12406426350339746,0.10148054382185918,0.1111111111111111,0.3889957676029242,0.07372678801250232,0.3920684993240198,0.09090909090909091,0.09090909090909091,2.649
0.4801048024876195,0.43727795339469044,0.3333333333333333,0.5180197511863537,0.8032726604155176,0.38936457863902657,0.5454545454545454,0.36363636363636365,4.27
0.13825866635955317,0.10694254063278037,0.1111111111111111,0.5793895087854303,0.35282220996506714,0.24560612888688593,0.18181818181818182,0.0,4.234
0.12406426350339746,0.10148054382185918,0.1111111111111111,0.572463768115942,0.20831035116749402,0.10139702568724651,0.09090909090909091,0.09090909090909091,2.348
0.24222618910514798,0.11503412873807592,0.2222222222222222,0.3214056688469924,0.041367898510755674,0.024335286164939157,0.18181818181818182,0.0,3.884
0.20194633191293332,0.08900746915825104,0.16666666666666666,0.4963447479799923,0.2211803640375069,0.1397025687246507,0.18181818181818182,0.0,3.476
0.07491650351261085,0.05751706436903796,0.1111111111111111,0.4263178145440554,0.06140834712263285,0.480396575033799,0.09090909090909091,0.0,3.133
0.1498330070252217,0.11503412873807592,0.2222222222222222,0.3458381428754649,0.06140834712263285,0.5989184317260028,0.18181818181818182,0.0,3.358
0.1958136588736612,0.16188945925532214,0.16666666666666666,0.3952161087597794,0.2151130722559294,0.2757999098693105,0.2727272727272727,0.09090909090909091,3.775
0.07491650351261085,0.05751706436903796,0.1111111111111111,0.5883673207643966,0.17999632285346573,0.08156827399729608,0.09090909090909091,0.0,5.16
0.07491650351261085,0.05751706436903796,0.1111111111111111,0.6258817493907913,0.18716675859533,0.038305543037404216,0.09090909090909091,0.0,5.43
0.07491650351261085,0.05751706436903796,0.1111111111111111,0.5497627292548416,0.16988416988416988,0.14240648940964395,0.09090909090909091,0.0,6.409
0.1498330070252217,0.11503412873807592,0.2222222222222222,0.47062972938309605,0.16878102592388305,0.20324470482199186,0.18181818181818182,0.0,4.263
0.07491650351261085,0.05751706436903796,0.1111111111111111,0.509939720405284,0.15756572899430044,0.24064894096439832,0.09090909090909091,0.0,5.371
0.2601923298399171,0.23015043220410103,0.16666666666666666,0.43465435423880977,0.3136605993748851,0.46507435781883727,0.2727272727272727,0.09090909090909091,2.072
0.37320050673730276,0.2899439113771785,0.3333333333333333,0.5867000128254456,0.38205552491266775,0.22262280306444343,0.6363636363636364,0.0,4.404
0.036076240930553956,0.019232383137046467,0.0,0.3771963575734257,0.09192866335723476,0.6543488057683642,0.0,0.0,2.332
0.036076240930553956,0.019232383137046467,0.0,0.5116711555726561,0.23423423423423423,0.33573681838666064,0.0,0.0,4.018
0.2157088563860417,0.24264798444624722,0.05555555555555555,0.6160061562139284,0.33590733590733596,0.38711131140153215,0.18181818181818182,0.09090909090909091,5.301
0.0757226764942992,0.14166398578901726,0.0,0.7596511478773887,0.5398051112336826,0.31996394772420006,0.0,0.09090909090909091,8.112
0.16756881262236556,0.20321985061683498,0.1111111111111111,0.6383224317045018,0.4193785622357052,0.23524109959441192,0.18181818181818182,0.09090909090909091,7.802
0.11842105263157895,0.10694254063278037,0.1111111111111111,0.6691035013466717,0.3987865416436845,0.15592609283461017,0.18181818181818182,0.0,7.478
0.04914775999078659,0.04396347945282122,0.0,0.7283570604078491,0.305019305019305,0.0946372239747634,0.0,0.0,6.394
0.09829551998157318,0.08792695890564244,0.0,0.504104142618956,0.1974627688913403,0.3726904010815683,0.0,0.0,5.001
0.09829551998157318,0.08792695890564244,0.0,0.5565602154674875,0.2601581173009745,0.26363226678684093,0.0,0.0,5.545
0.16756881262236556,0.1509060200856016,0.1111111111111111,0.6475567525971527,0.4701231844088987,0.43082469580892296,0.18181818181818182,0.18181818181818182,4.249
0.10739375791777035,0.11859037121996252,0.05555555555555555,0.650378350647685,0.38922596065453213,0.39116719242902204,0.0,0.0,5.17
0.21081423471150523,0.10694254063278037,0.1111111111111111,0.33628318584070793,0.14616657473800332,0.1433077963046417,0.18181818181818182,0.09090909090909091,3.769
0.34760451456869745,0.2591476207793661,0.05555555555555555,0.4195203283314095,0.3610957896672183,0.3961243803515096,0.36363636363636365,0.09090909090909091,3.508
0.11842105263157895,0.10694254063278037,0.1111111111111111,0.34314479928177505,0.13348041919470494,0.5326723749436684,0.18181818181818182,0.0,1.188
0.5264021651502937,0.55172636864632,0.2777777777777778,0.5199435680389893,0.8882147453576026,0.4821991888237945,0.0,0.09090909090909091,3.884
0.5846481630772774,0.6263532604134613,0.3333333333333333,0.4747338720020521,0.8896856039713184,0.4794952681388012,0.0,0.09090909090909091,4.566
0.09829551998157318,0.08792695890564244,0.0,0.41823778376298576,0.15444015444015446,0.5461919783686346,0.0,0.0,3.788
0.058476333064609004,0.049425476263742406,0.0,0.39585738104399126,0.07372678801250232,0.8075709779179812,0.09090909090909091,0.09090909090909091,0.704
0.2238857537717379,0.2678459031527121,0.16666666666666666,0.4492112350904194,0.2090457804743519,0.21901757548445244,0.0,0.0,3.669
0.04914775999078659,0.04396347945282122,0.0,0.5268051814800564,0.18183489612061043,0.2911221270842722,0.0,0.0,3.976
0.19017044800184266,0.16335286877220467,0.05555555555555555,0.4998076183147364,0.20040448611877182,0.2266786840919333,0.09090909090909091,0.0,4.024
0.09406311182770932,0.0831118695275128,0.0,0.6200461716044632,0.3259790402647546,0.270392068499324,0.18181818181818182,0.0,4.403
0.15711735575262006,0.07173329230424931,0.0,0.7204694113120431,0.47435190292333157,0.5515998197386209,0.0,0.0,5.512
0.2507197973050789,0.19513525610540744,0.05555555555555555,0.5255226369116327,0.49016363302077587,0.3623253717890942,0.2727272727272727,0.0,4.225
0.12242312564781758,0.07747678126835819,0.0,0.5078235218673849,0.22816694245265678,0.3952230734565119,0.0,0.0,4.072
0.12242312564781758,0.07747678126835819,0.0,0.5914454277286135,0.3020775877918735,0.34880576836412797,0.0,0.0,4.57
0.15760681792007372,0.06861939463451479,0.0,0.6131204309349749,0.3136605993748851,0.29968454258675076,0.0,0.0,6.075
0.23246573764827821,0.10694254063278037,0.1111111111111111,0.39348467359240735,0.16878102592388305,0.13384407390716535,0.18181818181818182,0.09090909090909091,4.221
0.08698030634573305,0.06319586258986769,0.0,0.5586122867769655,0.2471042471042471,0.2893195132942767,0.0,0.09090909090909091,4.032
0.17312564781757458,0.1336615660055389,0.0,0.5600872130306528,0.3397683397683398,0.5903560162235242,0.36363636363636365,0.0,3.22
0.11162616607163424,0.038737516434945586,0.0,0.5915736821854559,0.3013421584850156,0.2604776926543488,0.0,0.0,4.001
0.3416158009904411,0.3682127171510896,0.05555555555555555,0.6553161472361164,0.5072623644052217,0.3014871563767463,0.09090909090909091,0.18181818181818182,4.501
0.15654151790855694,0.16255385067278372,0.05555555555555555,0.6297293830960626,0.3789299503585218,0.28346101847679134,0.0,0.09090909090909091,3.599
0.10739375791777035,0.11859037121996252,0.05555555555555555,0.7050147492625369,0.3862842434271006,0.38575935105903564,0.0,0.09090909090909091,4.56
0.33150984682713347,0.36123485886927575,0.16666666666666666,0.33839938437860717,0.24508181651038796,0.5475439387111312,0.09090909090909091,0.2727272727272727,2.736
0.13396867442128296,0.13782275435700897,0.05555555555555555,0.5471335128895729,0.26751241036955326,0.2974312753492564,0.0,0.09090909090909091,3.047
0.13396867442128296,0.13782275435700897,0.05555555555555555,0.5643196101064512,0.26751241036955326,0.20820189274447948,0.0,0.09090909090909091,3.783
0.29960843026603706,0.3310417657425798,0.16666666666666666,0.5370655380274465,0.40393454679168966,0.3334835511491662,0.0,0.18181818181818182,4.187
0.16563975584475413,0.19321901138557082,0.1111111111111111,0.5187251506989867,0.20040448611877182,0.24019828751689948,0.0,0.09090909090909091,3.068
0.21942301048024873,0.20545605225613336,0.16666666666666666,0.48512248300628447,0.229821658393087,0.04236142406489407,0.18181818181818182,0.09090909090909091,3.644
0.14666589888287457,0.13310907208996559,0.05555555555555555,0.6551237655508528,0.38444567015995595,0.36052275799909866,0.2727272727272727,0.0,4.01
0.19518023724519176,0.18854554228326853,0.1111111111111111,0.5638707195075029,0.41239198382055525,0.5042812077512393,0.09090909090909091,0.09090909090909091,3.917
0.24352182425428998,0.22683022351526,0.2222222222222222,0.47268180069257404,0.4004412575841147,0.44254168544389355,0.18181818181818182,0.09090909090909091,3.902
0.23594955660486008,0.2746052116261505,0.2222222222222222,0.5004488905989483,0.4274682846111418,0.4357818837314105,0.09090909090909091,0.0,3.277
0.16491995853967523,0.12534967969340086,0.16666666666666666,0.549570347569578,0.4513697370840229,0.3551149166291122,0.18181818181818182,0.0,4.305
0.27303351376252444,0.3118093826055333,0.16666666666666666,0.5198794408105681,0.4396028681742968,0.2978819287967553,0.0,0.0,3.961
0.05824599792698376,0.0746268917671413,0.05555555555555555,0.4646658971399256,0.07372678801250232,0.6385759351059035,0.0,0.0,1.82
0.05824599792698376,0.0746268917671413,0.05555555555555555,0.49089393356419136,0.07905865048722188,0.08787742226228029,0.0,0.0,3.002
0.1511286421743637,0.18074418832349567,0.16666666666666666,0.3545594459407464,0.15444015444015446,0.6620099143758449,0.09090909090909091,0.0,2.957
0.11649199585396752,0.1492555319327496,0.1111111111111111,0.3458381428754649,0.06140834712263285,0.6967102298332581,0.0,0.0,0.122
0.08482091443049637,0.09385927490418776,0.05555555555555555,0.4081698089008593,0.12465526751241035,0.7530419107706174,0.0,0.0,1.07
0.11139583093400897,0.11309165804123424,0.05555555555555555,0.4050917019366423,0.21143592572164,0.761604326273096,0.0,0.0,1.53
0.9686456293907636,0.9635388983690938,0.8888888888888888,0.07996665384122098,0.6067291781577495,0.4921135646687697,0.6363636363636364,0.0,3.077
0.33220085224000917,0.31343364478138025,0.16666666666666666,0.4921123509041939,0.3748850891708035,0.22803064443442994,0.18181818181818182,0.09090909090909091,3.025
1.0,1.0,1.0,0.0,0.6662989520132376,0.4997746732762505,0.4545454545454546,0.0,3.088
0.2821317516987216,0.3424727949198534,0.2222222222222222,0.3361549313838656,0.22320279463136605,0.35376295628661564,0.0,0.09090909090909091,3.177
0.39862374755268914,0.49172832685260304,0.3333333333333333,0.505835577786328,0.5291413862842436,0.416403785488959,0.0,0.0,5.291
0.05824599792698376,0.0746268917671413,0.05555555555555555,0.5711812235475182,0.17926089354660785,0.20549797205948622,0.0,0.0,4.852
0.05824599792698376,0.0746268917671413,0.05555555555555555,0.5606002308580222,0.16988416988416988,0.1081568273997296,0.0,0.0,4.464
0.05824599792698376,0.0746268917671413,0.05555555555555555,0.5497627292548416,0.16988416988416988,0.15863001351960343,0.0,0.0,4.426
0.19017044800184266,0.16335286877220467,0.05555555555555555,0.4998076183147364,0.2057363485934915,0.2266786840919333,0.09090909090909091,0.0,4.016
0.05824599792698376,0.0746268917671413,0.05555555555555555,0.6138899576760293,0.29509100937672367,0.23253717890941866,0.0,0.0,4.668
0.11649199585396752,0.1492555319327496,0.1111111111111111,0.6464665897139925,0.38977753263467557,0.33753943217665616,0.0,0.0,4.962
0.05824599792698376,0.0746268917671413,0.05555555555555555,0.5824676157496473,0.2471042471042471,0.21496169445696262,0.0,0.0,4.61
0.05824599792698376,0.0746268917671413,0.05555555555555555,0.509939720405284,0.15756572899430044,0.2577737719693555,0.0,0.0,3.85
0.05824599792698376,0.0746268917671413,0.05555555555555555,0.5497627292548416,0.16694245265673835,0.15863001351960343,0.0,0.0,4.238
0.05824599792698376,0.0746268917671413,0.05555555555555555,0.6138899576760293,0.2886560029417172,0.23253717890941866,0.0,0.0,5.38
0.16166647472071863,0.06298080957842615,0.1111111111111111,0.37071950750288574,0.13348041919470494,0.178008111762055,0.18181818181818182,0.0,3.589
0.1771277208338132,0.07331034772148712,0.0,0.6344106707708093,0.24030152601581173,0.17169896349707076,0.09090909090909091,0.18181818181818182,4.932
0.1279799608430266,0.02934861666713291,0.0,0.6473002436834681,0.2623644052215481,0.21451104100946372,0.09090909090909091,0.09090909090909091,6.099
0.1279799608430266,0.02934861666713291,0.0,0.6269077850455304,0.23552123552123555,0.1892744479495268,0.09090909090909091,0.09090909090909091,6.54
0.2559599216860532,0.058695484935798806,0.0,0.695844555598307,0.2676962676962677,0.12933753943217663,0.18181818181818182,0.18181818181818182,6.399
0.1279799608430266,0.02934861666713291,0.0,0.6227395151981532,0.20849420849420847,0.1604326273095989,0.09090909090909091,0.09090909090909091,6.131
0.1847863641598526,0.0,0.0,0.4102218802103373,0.028497885640742793,0.5493465525011265,0.0,0.09090909090909091,4.56
0.14663710699067142,0.0,0.0,0.44876234449147107,0.2730281301709873,0.39026588553402436,0.2727272727272727,0.0,2.54
0.23013359437982267,0.02934861666713291,0.05555555555555555,0.5268051814800564,0.2277992277992278,0.2307345651194232,0.09090909090909091,0.0,4.494
0.3399170793504549,0.1492555319327496,0.2222222222222222,0.4081698089008593,0.14120242691671264,0.35150968904912117,0.0,0.0,3.758
0.24858919728204537,0.18416055892802194,0.05555555555555555,0.5169937155316147,0.36219893362750516,0.31635872014420907,0.4545454545454546,0.0,4.168
0.4754980997351146,0.32502202982068423,0.0,0.4502372707451584,0.2956425813568671,0.6885984677782784,0.2727272727272727,0.0,3.85
0.34357364966025566,0.23591315355134698,0.0,0.43189688341669874,0.29178157749586325,0.7697160883280758,0.18181818181818182,0.0,3.339
0.26384890014971785,0.17745195401012673,0.0,0.5569449788380146,0.23827909542195252,0.27174402884182064,0.18181818181818182,0.0,5.441
0.38791316365311523,0.2789324978319859,0.1111111111111111,0.5191099140695139,0.2807501378929951,0.24200090130689494,0.2727272727272727,0.09090909090909091,3.138
0.3220948980767016,0.252078845777268,0.05555555555555555,0.5254585096832115,0.25317153888582455,0.25146462370437134,0.18181818181818182,0.0,4.79
0.39577335022457677,0.2661779310151901,0.0,0.5646402462485571,0.2807501378929951,0.2451554754393871,0.2727272727272727,0.0,4.39
0.45401934815156053,0.3408048227823314,0.05555555555555555,0.512312427856868,0.2807501378929951,0.16493916178458767,0.2727272727272727,0.0,3.43
0.13192445007485892,0.08872597700506336,0.0,0.5784276003591124,0.21474535760250052,0.3303289770166742,0.09090909090909091,0.0,3.978
0.20684095358746976,0.14624304137410132,0.1111111111111111,0.5396306271642939,0.21474535760250052,0.11266336187471834,0.18181818181818182,0.0,4.489
0.26384890014971785,0.17745195401012673,0.0,0.5569449788380146,0.24526567383710246,0.27174402884182064,0.18181818181818182,0.0,3.718
0.26384890014971785,0.17745195401012673,0.0,0.5741310760548929,0.24526567383710246,0.11807120324470483,0.18181818181818182,0.0,5.402
0.3220948980767016,0.252078845777268,0.05555555555555555,0.5028215980505323,0.24526567383710246,0.19603424966200989,0.18181818181818182,0.0,4.606
0.26384890014971785,0.17745195401012673,0.0,0.5343080672053353,0.23662437948152232,0.21991888237945018,0.18181818181818182,0.0,3.591
0.13192445007485892,0.08872597700506336,0.0,0.5784276003591124,0.2097812097812098,0.3303289770166742,0.09090909090909091,0.0,4.558
0.13192445007485892,0.08872597700506336,0.0,0.5956136975759907,0.2097812097812098,0.2005407841369986,0.09090909090909091,0.0,4.611
0.13192445007485892,0.08872597700506336,0.0,0.6127997947928691,0.2097812097812098,0.08877872915727802,0.09090909090909091,0.0,4.62
0.13192445007485892,0.08872597700506336,0.0,0.5343721944337565,0.1926824783967641,0.2528165840468679,0.09090909090909091,0.0,3.615
0.13192445007485892,0.08872597700506336,0.0,0.557073233294857,0.20040448611877182,0.2978819287967553,0.09090909090909091,0.0,4.14
0.0,0.0,0.0,0.6671796844940361,0.27357970215113075,0.23479044614691302,0.0,0.0,3.575
0.022342508349648738,0.0,0.0,0.5494420931127356,0.31255745541459834,0.3479044614691302,0.18181818181818182,0.0,5.01
0.02657491650351261,0.019232383137046467,0.0,0.6310760548929075,0.3110865968008826,0.2974312753492564,0.0,0.0,5.433
0.0,0.0,0.0,0.6619212517634987,0.2829564258135687,0.25056331680937355,0.0,0.0,4.909
0.04546239778878267,0.0,0.05555555555555555,0.5967038604591509,0.2967457253171539,0.21225777377196936,0.09090909090909091,0.0,4.7
0.04546239778878267,0.0,0.05555555555555555,0.5309734513274336,0.21621621621621628,0.238395673726904,0.09090909090909091,0.0,5.069
0.0,0.0,0.0,0.7693343593689881,0.4101856958999816,0.1838666065795403,0.0,0.0,6.004
0.0,0.0,0.0,0.7186097216878287,0.3434454863026291,0.1888237945020279,0.0,0.0,6.281
0.0,0.0,0.0,0.6911632679235603,0.31255745541459834,0.21496169445696262,0.0,0.0,5.406
0.0,0.0,0.0,0.6911632679235603,0.3175216032358889,0.21496169445696262,0.0,0.0,6.7
0.03783254635494645,0.01662202422580916,0.0,0.6533923303834808,0.3667953667953668,0.22622803064443442,0.0,0.0,4.737
0.08130830358171139,0.0,0.0,0.7186097216878287,0.3667953667953668,0.16629112212708425,0.0,0.0,6.027
0.0,0.0,0.0,0.6304989098371168,0.23607280750137893,0.23614240648940965,0.0,0.0,4.147
0.037112749049867555,0.02934861666713291,0.0,0.5458509683211491,0.23607280750137893,0.26408292023433977,0.09090909090909091,0.0,3.711
0.037112749049867555,0.02934861666713291,0.0,0.609016288316019,0.3175216032358889,0.2338891392519153,0.09090909090909091,0.0,4.851
0.037112749049867555,0.02934861666713291,0.0,0.5458509683211491,0.23607280750137893,0.26408292023433977,0.09090909090909091,0.0,3.53
0.3825290798111252,0.058695484935798806,0.0,0.5988200589970502,0.45725317153888584,0.1311401532221721,0.18181818181818182,0.0,3.619
0.08130830358171139,0.0,0.0,0.6619212517634987,0.2967457253171539,0.16719242902208203,0.0,0.0,5.597
0.08130830358171139,0.0,0.0,0.5961908426317815,0.21621621621621628,0.1689950428120775,0.0,0.0,3.357
0.037112749049867555,0.02934861666713291,0.0,0.4433756573040913,0.1470858613715757,0.34114465975664715,0.09090909090909091,0.0,1.815
0.08130830358171139,0.0,0.0,0.4885853533410286,0.1226328369185512,0.17395223073456512,0.0,0.0,2.421
0.22926983761372796,0.13615653061795396,0.1111111111111111,0.4983968192894703,0.3721272292700864,0.38080216313654797,0.4545454545454546,0.0,5.054
0.0,0.0,0.0,0.5886879569065024,0.15756572899430044,0.24785939612438035,0.0,0.0,3.89
0.8027179546239779,0.7224225109799424,0.2777777777777778,0.39277927407977425,1.0,0.5750337990085623,1.0,1.0,4.779
0.0,0.0,0.0,0.6297293830960626,0.19764662621805484,0.41595313204146006,0.0,0.0,3.792
0.04914775999078659,0.04396347945282122,0.0,0.4193920738745671,0.06140834712263285,0.4718341595313204,0.0,0.0,5.993
0.06849591155130715,0.0543035079866842,0.0,0.393035782993459,0.028497885640742793,0.5056331680937358,0.09090909090909091,0.09090909090909091,1.057
0.0757226764942992,0.06319586258986769,0.0,0.5899705014749262,0.2673285530428388,0.5137449301487156,0.0,0.09090909090909091,4.886
0.12487043648508579,0.1071593420426889,0.0,0.6458894446582019,0.43629343629343637,0.37404236142406483,0.0,0.09090909090909091,5.541
0.16730968559253714,0.05751706436903796,0.1111111111111111,0.393035782993459,0.041367898510755674,0.13249211356466872,0.09090909090909091,0.09090909090909091,3.638
0.11649199585396752,0.1492555319327496,0.1111111111111111,0.45863793766833394,0.12667769810626955,0.5917079765660207,0.0,0.0,1.22
0.08482091443049637,0.09385927490418776,0.05555555555555555,0.5178273695010902,0.24875896304467737,0.4141505182514646,0.0,0.0,2.614
0.11035932281469538,0.09468626737908076,0.05555555555555555,0.5658586635885596,0.29178157749586325,0.34880576836412797,0.09090909090909091,0.0,4.762
0.13054243924910747,0.05963087811564607,0.0,0.49653712966525587,0.1915793344364773,0.7444794952681388,0.0,0.0,2.829
0.11649199585396752,0.1492555319327496,0.1111111111111111,0.6670514300371937,0.390329104614819,0.3055430374042361,0.0,0.0,5.37
0.0,0.0,0.0,0.6363344876234449,0.15756572899430044,0.5173501577287067,0.0,0.0,4.819
0.04914775999078659,0.04396347945282122,0.0,0.505835577786328,0.15444015444015446,0.5853988283010365,0.0,0.0,4.039
0.0,0.0,0.0,0.6828908554572272,0.1833057547343262,0.6056782334384858,0.0,0.0,5.47
0.0,0.0,0.0,0.7226497370783636,0.23883066740209596,0.594411897251014,0.0,0.0,5.299
0.1514453529885984,0.12639172517973538,0.0,0.8198024881364627,0.580989152417724,0.505182514646237,0.0,0.18181818181818182,6.194
0.16166647472071863,0.06298080957842615,0.1111111111111111,0.5397588816211363,0.2706379849236992,0.3889139251915276,0.18181818181818182,0.0,3.52
0.15711735575262006,0.07173329230424931,0.0,0.6207515711170963,0.3495127780842066,0.7674628210905814,0.0,0.0,4.862
0.2959230680640332,0.035427798136906594,0.0,0.6263947672181608,0.3495127780842066,0.2672374943668319,0.0,0.0,7.676
0.13635840147414488,0.09800647606792179,0.0,0.6296652558676414,0.4543114543114543,0.32041460117169895,0.2727272727272727,0.0,4.943
0.27317747322354025,0.18291395082104792,0.0,0.6741054251635243,0.37065637065637064,0.4655250112663362,0.2727272727272727,0.0,7.012
0.13131982033859266,0.049425476263742406,0.0,0.6116455046812876,0.33351719066004787,0.3005858494817485,0.09090909090909091,0.0,5.548
0.058476333064609004,0.049425476263742406,0.0,0.5942670257791458,0.2761537047251333,0.4515547543938711,0.09090909090909091,0.09090909090909091,3.078
0.3491304848554647,0.010925742020309395,0.0,0.5262921636526869,0.3052031623460195,0.22442541685443895,0.18181818181818182,0.0,5.976
0.20194633191293332,0.08900746915825104,0.16666666666666666,0.39585738104399126,0.10608567751424897,0.21406038756196483,0.18181818181818182,0.0,3.936
0.034636646320396175,0.031490404789213076,0.05555555555555555,0.4646658971399256,0.09358337929766503,0.7052726453357367,0.09090909090909091,0.0,3.118
0.034636646320396175,0.031490404789213076,0.05555555555555555,0.55399512633064,0.20849420849420847,0.3767462821090581,0.09090909090909091,0.0,5.46
0.18061153979039501,0.15102316278289088,0.1111111111111111,0.5794536360138515,0.28424342710056993,0.44885083370887785,0.4545454545454546,0.0,3.601
0.25345502706437867,0.15102316278289088,0.1111111111111111,0.559125304604335,0.2895752895752896,0.39567372690401087,0.4545454545454546,0.0,3.63
0.0757226764942992,0.06319586258986769,0.0,0.45094267025779144,0.10608567751424897,0.7210455159981974,0.0,0.09090909090909091,2.09
0.3081308303581711,0.09149369177833104,0.0,0.4544055405925356,0.2967457253171539,0.4290220820189275,0.09090909090909091,0.0,5.762
0.15711735575262006,0.07173329230424931,0.0,0.6986661536488392,0.3655083655083656,0.54799459215863,0.0,0.0,6.56
0.23802257284348727,0.08295626206394943,0.05555555555555555,0.6536488392971656,0.35576392719249866,0.5552050473186119,0.09090909090909091,0.0,8.113
0.37415063918000685,0.05337860519763896,0.0,0.48678979094523533,0.3009744438315867,0.5241099594411898,0.0,0.0,9.15
0.0,0.0,0.0,0.6020264204181095,0.18183489612061043,0.35241099594411895,0.0,0.0,4.502
0.2634170217666705,0.20522001846308782,0.2777777777777778,0.39226625625240474,0.15958815958815964,0.6038756196484902,0.4545454545454546,0.0,1.983
0.009328573073822411,0.005461996810921197,0.0,0.7186738489162499,0.4179077036219894,0.3474538080216314,0.09090909090909091,0.0,5.551
0.1279799608430266,0.02934861666713291,0.0,0.4875593176862896,0.06140834712263285,0.18206399278954488,0.09090909090909091,0.09090909090909091,5.418
0.034636646320396175,0.031490404789213076,0.05555555555555555,0.4023342311145312,0.028497885640742793,0.854438936457864,0.09090909090909091,0.0,2.958
0.21878958885177932,0.12898634850476964,0.05555555555555555,0.4170193664229832,0.20095605809891526,0.37945020279405134,0.18181818181818182,0.09090909090909091,6.964
0.136934239318208,0.11391690211766023,0.05555555555555555,0.5140438630242401,0.302261445118588,0.4934655250112662,0.09090909090909091,0.0,4.91
0.16166647472071863,0.06298080957842615,0.1111111111111111,0.39585738104399126,0.1027762456333885,0.26813880126182965,0.18181818181818182,0.0,3.825
0.06121156282390879,0.12919091112540912,0.05555555555555555,0.6796844940361677,0.438132009560581,0.37854889589905366,0.09090909090909091,0.0,5.783
0.2981688356558793,0.23389200492349008,0.0,0.616519174041298,0.5616841331127045,0.3929698062190176,0.2727272727272727,0.18181818181818182,6.389
0.31800644938385353,0.2466063585755448,0.05555555555555555,0.5908041554444017,0.4574370288656003,0.42136097341144657,0.18181818181818182,0.18181818181818182,4.071
0.19293446965334562,0.12403313564774666,0.1111111111111111,0.4808259587020649,0.30814487957345105,0.38575935105903564,0.2727272727272727,0.0,6.119
0.20459518599562362,0.1648547430553613,0.0,0.4760164165704758,0.4028314028314028,0.3898152320865254,0.0,0.0,2.506
0.15711735575262006,0.07173329230424931,0.0,0.4932666410157753,0.19966905681191394,0.7183415953132042,0.0,0.0,9.099
0.3591212714499597,0.1175920356953031,0.0,0.47877388739258686,0.3620150763007906,0.29968454258675076,0.09090909090909091,0.18181818181818182,5.6
0.18202234250834964,0.14012364673958655,0.0,0.5375144286263948,0.5243610957896672,0.3920684993240198,0.0,0.0,8.028
0.05314983300702522,0.03846476627409293,0.0,0.6870591253046043,0.39786725501011216,0.25957638575935105,0.0,0.0,7.087
0.13396867442128296,0.13782275435700897,0.05555555555555555,0.590227010388611,0.3412391983820556,0.3339342045966652,0.0,0.09090909090909091,3.794
0.10445698491304849,0.038737516434945586,0.0,0.393035782993459,0.041367898510755674,0.4740874267688147,0.0,0.0,0.495
0.022342508349648738,0.0,0.0,0.5150698986789791,0.30777716492002205,0.39882830103650285,0.18181818181818182,0.0,4.823
0.0,0.0,0.0,0.7075798383993843,0.320647177790035,0.23704371338440738,0.0,0.0,6.19
0.0,0.0,0.0,0.622354751827626,0.17999632285346573,0.37404236142406483,0.0,0.0,4.3
0.13192445007485892,0.08872597700506336,0.0,0.557073233294857,0.2057363485934915,0.2978819287967553,0.09090909090909091,0.0,4.01
0.05824599792698376,0.0746268917671413,0.05555555555555555,0.55399512633064,0.17650303364589082,0.33303289770166744,0.0,0.0,4.038
0.0,0.0,0.0,0.5806079261254329,0.15756572899430044,0.32401982875168994,0.0,0.0,3.002
0.07491650351261085,0.05751706436903796,0.1111111111111111,0.5325766320379633,0.16694245265673835,0.2866155926092835,0.09090909090909091,0.0,5.312
0.036076240930553956,0.019232383137046467,0.0,0.6988585353341028,0.3154991726420298,0.09418657052726451,0.0,0.0,5.513
0.0,0.0,0.0,0.5561113248685392,0.07372678801250232,0.13023884632717436,0.0,0.0,3.492
0.0,0.0,0.0,0.5561113248685392,0.09358337929766503,0.24560612888688593,0.0,0.0,2.608
0.02657491650351261,0.019232383137046467,0.0,0.5151340259074002,0.15444015444015446,0.3465525011266336,0.0,0.0,2.778
0.0,0.0,0.0,0.5008336539694754,0.028497885640742793,0.13294276701216762,0.0,0.0,2.659
0.0,0.0,0.0,0.6757727331024752,0.20592020592020593,0.11221270842721948,0.0,0.0,5.389
0.07491650351261085,0.05751706436903796,0.1111111111111111,0.6453122996024112,0.1974627688913403,0.003154574132492094,0.09090909090909091,0.0,5.559
0.05824599792698376,0.0746268917671413,0.05555555555555555,0.6453122996024112,0.1974627688913403,0.026588553402433518,0.0,0.0,5.76
0.05824599792698376,0.0746268917671413,0.05555555555555555,0.6453122996024112,0.1974627688913403,0.026588553402433518,0.0,0.0,5.61
0.0,0.0,0.0,0.6933435936898806,0.18955690384261814,0.13023884632717436,0.0,0.0,5.55
0.13192445007485892,0.08872597700506336,0.0,0.6127997947928691,0.21217135502849788,0.08877872915727802,0.09090909090909091,0.0,4.251
0.0,0.0,0.0,0.8130050019238169,0.3246920389777533,0.09553853086976113,0.0,0.0,7.509
0.0,0.0,0.0,0.7642683083237143,0.3046515903658761,0.1333934204596665,0.0,0.0,6.67
0.14666589888287457,0.13310907208996559,0.05555555555555555,0.6707066820572014,0.4077955506526935,0.3708877872915728,0.2727272727272727,0.0,5.02
0.09406311182770932,0.07877409293087531,0.0,0.62851096575606,0.3855488141202427,0.273997296079315,0.18181818181818182,0.09090909090909091,4.821
0.0,0.0,0.0,0.6965499551109401,0.2886560029417172,0.19918882379450203,0.0,0.0,5.422
0.1369918231026143,0.10860876437183539,0.0,0.6142747210465563,0.2434271005699577,0.08382154123479044,0.18181818181818182,0.18181818181818182,6.21
0.3640446850166993,0.2672392088846617,0.16666666666666666,0.4023342311145312,0.29950358521787096,0.33528616493916175,0.36363636363636365,0.0,3.839
0.07491650351261085,0.05751706436903796,0.1111111111111111,0.5883673207643966,0.17926089354660785,0.08156827399729608,0.09090909090909091,0.0,5.437
0.1498330070252217,0.11503412873807592,0.2222222222222222,0.6433243555213544,0.3232211803640375,0.106804867057233,0.18181818181818182,0.0,5.381
0.07491650351261085,0.05751706436903796,0.1111111111111111,0.5497627292548416,0.16878102592388305,0.14240648940964395,0.09090909090909091,0.0,6.108
0.07491650351261085,0.05751706436903796,0.1111111111111111,0.5497627292548416,0.16694245265673835,0.14240648940964395,0.09090909090909091,0.0,5.19
0.3324599792698376,0.14770295409404985,0.2222222222222222,0.4158009490829806,0.2349696635410921,0.11852185669220369,0.4545454545454546,0.09090909090909091,4.006
0.16563975584475413,0.19321901138557082,0.1111111111111111,0.6256252404771065,0.41680455966170255,0.4001802613789996,0.0,0.0,4.535
0.11355522284924564,0.07981788681567684,0.0,0.6911632679235603,0.5738187166758597,0.3780982424515548,0.0,0.09090909090909091,8.164
0.058476333064609004,0.049425476263742406,0.0,0.42606130563037065,0.14377642949071523,0.5759351059035602,0.09090909090909091,0.09090909090909091,4.906
0.251295635149142,0.19352672951576355,0.05555555555555555,0.5956778248044119,0.4125758411472698,0.2091031996394772,0.2727272727272727,0.09090909090909091,4.022
0.136934239318208,0.11391690211766023,0.05555555555555555,0.48973964345260995,0.3491450634307777,0.44344299233889134,0.09090909090909091,0.0,3.47
0.10739375791777035,0.11859037121996252,0.05555555555555555,0.5202642041810953,0.18955690384261814,0.26408292023433977,0.0,0.0,4.462
0.2147875158355407,0.23718249083839205,0.1111111111111111,0.38450686161344105,0.15131457988600844,0.3578188373141054,0.0,0.18181818181818182,2.764
0.13396867442128296,0.13782275435700897,0.05555555555555555,0.5658586635885596,0.2706379849236992,0.31861198738170343,0.0,0.09090909090909091,3.474
0.44823217781872626,0.48528897529862647,0.2222222222222222,0.32627933820700267,0.3737819452105166,0.5727805317710681,0.18181818181818182,0.36363636363636365,3.103
0.3359150063342163,0.3153516378996839,0.2222222222222222,0.28767474669744775,0.18771833057547344,0.6980621901757549,0.09090909090909091,0.09090909090909091,3.908
0.1420304042381665,0.1500807760091756,0.1111111111111111,0.6691035013466717,0.37635594778451925,0.18611987381703465,0.09090909090909091,0.09090909090909091,4.121
0.05824599792698376,0.0746268917671413,0.05555555555555555,0.4356162626651276,0.06140834712263285,0.30644434429923384,0.0,0.0,2.579
0.06757457100080617,0.0800906369765295,0.05555555555555555,0.4081698089008593,0.10608567751424897,0.7751239296980621,0.09090909090909091,0.0,2.959
0.16964182886099274,0.18771854980837552,0.1111111111111111,0.3532769013723227,0.23883066740209596,0.7458314556106354,0.0,0.0,0.46
0.05824599792698376,0.0746268917671413,0.05555555555555555,0.6453122996024112,0.1974627688913403,0.026588553402433518,0.0,0.0,6.11
0.05824599792698376,0.0746268917671413,0.05555555555555555,0.6258817493907913,0.18882147453576026,0.05768364127985576,0.0,0.0,5.461
0.16166647472071863,0.06298080957842615,0.1111111111111111,0.6129280492497114,0.3671630814487958,0.1892744479495268,0.18181818181818182,0.0,3.531
0.3047909708626051,0.0348106134780541,0.0,0.4533153777093754,0.20518477661334805,0.10229833258224424,0.18181818181818182,0.0,5.922
0.13192445007485892,0.08872597700506336,0.0,0.5742593305117353,0.20040448611877182,0.15141955835962145,0.09090909090909091,0.0,3.64
0.0,0.0,0.0,0.7186097216878287,0.3417907703621989,0.1888237945020279,0.0,0.0,6.173
0.06927329264079235,0.06255070355554312,0.1111111111111111,0.6266512761318456,0.3377459091744806,0.25597115817936006,0.18181818181818182,0.0,4.651
0.02657491650351261,0.019232383137046467,0.0,0.623380787482365,0.3175216032358889,0.2672374943668319,0.0,0.0,3.953
0.0,0.0,0.0,0.7445812491984096,0.38812281669424537,0.20324470482199186,0.0,0.0,6.219
0.03783254635494645,0.01662202422580916,0.0,0.5967038604591509,0.2967457253171539,0.24605678233438483,0.0,0.0,4.995
0.0,0.0,0.0,0.5579710144927537,0.1470858613715757,0.2866155926092835,0.0,0.0,2.48
