dataset,optimiser,seed,train_rmse,test_rmse
airfoil,adam,0,6.3198323249816895,8.901080131530762
airfoil,adam,1,4.61195707321167,6.986597061157227
airfoil,adam,2,6.319287300109863,8.885503768920898
airfoil,adam,3,4.804946422576904,41.62599182128906
airfoil,adam,4,8.422069549560547,30.4617977142334
airfoil,adam,5,6.599997520446777,30.48386001586914
airfoil,adam,6,5.679006099700928,43.35611343383789
airfoil,adam,7,4.61195707321167,6.986597061157227
airfoil,adam,8,6.270735263824463,7.783292770385742
airfoil,adam,9,9.080986022949219,41.74404525756836
airfoil,sgd,0,6.384835720062256,8.723051071166992
airfoil,sgd,1,6.067383289337158,7.443753242492676
airfoil,sgd,2,6.390174865722656,8.709418296813965
airfoil,sgd,3,5.730588436126709,7.732142925262451
airfoil,sgd,4,9.139400482177734,9.211299896240234
airfoil,sgd,5,7.329533576965332,9.146127700805664
airfoil,sgd,6,6.26629638671875,7.478198051452637
airfoil,sgd,7,6.067383289337158,7.443753242492676
airfoil,sgd,8,6.404467582702637,7.973049640655518
airfoil,sgd,9,9.872204780578613,9.329228401184082
airfoil,rmsprop,0,6.313494682312012,8.913650512695312
airfoil,rmsprop,1,6.319474697113037,8.779603004455566
airfoil,rmsprop,2,6.312805652618408,8.898094177246094
airfoil,rmsprop,3,6.134308338165283,8.92075252532959
airfoil,rmsprop,4,8.960399627685547,9.394929885864258
airfoil,rmsprop,5,7.1246747970581055,9.322948455810547
airfoil,rmsprop,6,6.477094650268555,8.698932647705078
airfoil,rmsprop,7,6.319474697113037,8.779603004455566
airfoil,rmsprop,8,6.257854461669922,7.797276973724365
airfoil,rmsprop,9,9.686495780944824,9.436806678771973
airfoil,pso,0,5.183832168579102,7.407965660095215
airfoil,pso,1,5.167593479156494,12.861554145812988
airfoil,pso,2,5.543478488922119,8.03421688079834
airfoil,pso,3,4.6071953773498535,30.12130355834961
airfoil,pso,4,5.373624801635742,9.89433479309082
airfoil,pso,5,5.137015342712402,41.033409118652344
airfoil,pso,6,5.047813415527344,9.828165054321289
airfoil,pso,7,5.056704521179199,49.77975082397461
airfoil,pso,8,5.207945823669434,64.00143432617188
airfoil,pso,9,6.2987380027771,30.33989143371582
airfoil,ga,0,5.864732265472412,8.254106521606445
airfoil,ga,1,5.821484088897705,8.280442237854004
airfoil,ga,2,5.722977161407471,7.947690486907959
airfoil,ga,3,5.108800888061523,41.6781005859375
airfoil,ga,4,6.877729892730713,8.236376762390137
airfoil,ga,5,5.023456573486328,7.979284286499023
airfoil,ga,6,5.530470848083496,8.3292236328125
airfoil,ga,7,5.581612586975098,8.173274993896484
airfoil,ga,8,5.518526077270508,41.53431701660156
airfoil,ga,9,7.859057426452637,9.284303665161133
airfoil,de,0,5.292531490325928,7.525102615356445
airfoil,de,1,5.308058738708496,41.57221603393555
airfoil,de,2,5.449126720428467,41.69965744018555
airfoil,de,3,5.141186714172363,6.862964153289795
airfoil,de,4,6.270460605621338,7.841180801391602
airfoil,de,5,5.715277194976807,41.865753173828125
airfoil,de,6,5.504107475280762,41.68473815917969
airfoil,de,7,5.347315788269043,8.132594108581543
airfoil,de,8,5.377745628356934,41.5069580078125
airfoil,de,9,6.426180362701416,7.430331707000732
airfoil,cmaes,0,6.190688133239746,8.915343284606934
airfoil,cmaes,1,6.154183864593506,10.517671585083008
airfoil,cmaes,2,5.915876388549805,7.879067420959473
airfoil,cmaes,3,5.809442043304443,12.184467315673828
airfoil,cmaes,4,7.12916898727417,8.490509986877441
airfoil,cmaes,5,6.353106498718262,9.72705078125
airfoil,cmaes,6,5.971111297607422,41.71485137939453
airfoil,cmaes,7,6.107480525970459,8.968524932861328
airfoil,cmaes,8,5.9575958251953125,7.689019203186035
airfoil,cmaes,9,9.162179946899414,30.729236602783203
autompg6,adam,0,2.3045685291290283,2.528259754180908
autompg6,adam,1,2.229113817214966,2.2668511867523193
autompg6,adam,2,2.3881235122680664,2.530999183654785
autompg6,adam,3,2.399165391921997,2.5791776180267334
autompg6,adam,4,2.3015799522399902,3.188798189163208
autompg6,adam,5,2.522033452987671,2.4230268001556396
autompg6,adam,6,2.458658218383789,2.3339521884918213
autompg6,adam,7,2.40570068359375,2.3268961906433105
autompg6,adam,8,2.492100477218628,2.441361427307129
autompg6,adam,9,2.4347543716430664,2.547630786895752
autompg6,sgd,0,2.7249844074249268,2.734992265701294
autompg6,sgd,1,2.6446566581726074,2.6423869132995605
autompg6,sgd,2,2.635223388671875,2.5525801181793213
autompg6,sgd,3,2.6941123008728027,2.559182643890381
autompg6,sgd,4,2.6174471378326416,2.577126979827881
autompg6,sgd,5,2.579592704772949,2.5281193256378174
autompg6,sgd,6,2.681610584259033,2.385504961013794
autompg6,sgd,7,2.607027053833008,2.5526838302612305
autompg6,sgd,8,2.6360855102539062,2.5135304927825928
autompg6,sgd,9,2.642202138900757,2.653264284133911
autompg6,rmsprop,0,2.7130706310272217,2.676470994949341
autompg6,rmsprop,1,2.6527788639068604,2.542145252227783
autompg6,rmsprop,2,2.622708320617676,2.5451388359069824
autompg6,rmsprop,3,2.6698901653289795,2.5936036109924316
autompg6,rmsprop,4,2.6168160438537598,2.515087127685547
autompg6,rmsprop,5,2.6000452041625977,2.4465744495391846
autompg6,rmsprop,6,2.671821355819702,2.3793346881866455
autompg6,rmsprop,7,2.667616844177246,2.572553873062134
autompg6,rmsprop,8,2.666830539703369,2.53079891204834
autompg6,rmsprop,9,2.632628917694092,2.5921096801757812
autompg6,pso,0,2.753342628479004,2.866560220718384
autompg6,pso,1,2.7650818824768066,2.675835609436035
autompg6,pso,2,2.7527122497558594,2.656649351119995
autompg6,pso,3,2.7769482135772705,2.6472699642181396
autompg6,pso,4,2.8615598678588867,2.7736053466796875
autompg6,pso,5,2.8377163410186768,2.6455910205841064
autompg6,pso,6,2.8041489124298096,2.6275577545166016
autompg6,pso,7,2.8949029445648193,2.827960968017578
autompg6,pso,8,2.821767807006836,2.728658437728882
autompg6,pso,9,2.7089977264404297,2.9176201820373535
autompg6,ga,0,2.9914374351501465,2.9020497798919678
autompg6,ga,1,3.17879056930542,2.8427584171295166
autompg6,ga,2,2.8842337131500244,2.764143705368042
autompg6,ga,3,2.8470335006713867,2.650541067123413
autompg6,ga,4,2.8467235565185547,2.672607660293579
autompg6,ga,5,3.066743850708008,2.802011251449585
autompg6,ga,6,3.037266969680786,2.7168819904327393
autompg6,ga,7,3.1341686248779297,2.968339204788208
autompg6,ga,8,3.1242518424987793,2.869107723236084
autompg6,ga,9,3.187605619430542,2.9535927772521973
autompg6,de,0,2.9107577800750732,2.888170003890991
autompg6,de,1,2.9365832805633545,2.7906534671783447
autompg6,de,2,2.8597843647003174,2.669841766357422
autompg6,de,3,2.8583736419677734,2.840629816055298
autompg6,de,4,2.8690450191497803,2.619873285293579
autompg6,de,5,3.0811493396759033,3.0599710941314697
autompg6,de,6,2.8722853660583496,2.543848991394043
autompg6,de,7,2.9438252449035645,2.93750262260437
autompg6,de,8,2.815032958984375,2.673337697982788
autompg6,de,9,2.934180974960327,2.88507342338562
autompg6,cmaes,0,3.146192789077759,2.9931352138519287
autompg6,cmaes,1,3.5145838260650635,3.3173282146453857
autompg6,cmaes,2,2.991168975830078,2.9006810188293457
autompg6,cmaes,3,2.9958882331848145,2.6733129024505615
autompg6,cmaes,4,3.407581329345703,3.1732161045074463
autompg6,cmaes,5,3.5703744888305664,3.212742805480957
autompg6,cmaes,6,3.2832634449005127,3.0210671424865723
autompg6,cmaes,7,3.6614084243774414,3.4561104774475098
autompg6,cmaes,8,3.383229970932007,3.085251808166504
autompg6,cmaes,9,3.437953233718872,3.2055604457855225
laser,adam,0,5.905908107757568,5.8525390625
laser,adam,1,5.396106243133545,5.664955139160156
laser,adam,2,5.804943084716797,6.025866508483887
laser,adam,3,6.191303253173828,5.544336318969727
laser,adam,4,5.97668981552124,6.447813510894775
laser,adam,5,6.478426456451416,6.036355018615723
laser,adam,6,6.188227653503418,5.444745063781738
laser,adam,7,6.168868541717529,5.860598087310791
laser,adam,8,6.467348575592041,5.868898868560791
laser,adam,9,5.795725345611572,5.605627059936523
laser,sgd,0,6.751296520233154,6.0148820877075195
laser,sgd,1,6.53749942779541,5.632609844207764
laser,sgd,2,6.858465671539307,6.061972141265869
laser,sgd,3,7.042916297912598,6.0273356437683105
laser,sgd,4,7.165411949157715,6.278323650360107
laser,sgd,5,7.093628406524658,6.229813575744629
laser,sgd,6,6.777900218963623,5.665849208831787
laser,sgd,7,6.966972351074219,6.159302234649658
laser,sgd,8,7.096999645233154,5.9299540519714355
laser,sgd,9,6.910456657409668,6.145231246948242
laser,rmsprop,0,7.262967586517334,6.490521430969238
laser,rmsprop,1,7.155901908874512,6.468470573425293
laser,rmsprop,2,7.234714508056641,6.379870891571045
laser,rmsprop,3,7.782525539398193,6.533759593963623
laser,rmsprop,4,8.210963249206543,7.297061920166016
laser,rmsprop,5,8.00794506072998,6.599943161010742
laser,rmsprop,6,7.528794765472412,6.218843936920166
laser,rmsprop,7,7.931780815124512,6.522446155548096
laser,rmsprop,8,8.025212287902832,6.380501747131348
laser,rmsprop,9,7.5347089767456055,6.297640323638916
laser,pso,0,8.190672874450684,6.842983722686768
laser,pso,1,8.239480018615723,7.198714256286621
laser,pso,2,7.903049945831299,6.693916320800781
laser,pso,3,9.373281478881836,7.386321067810059
laser,pso,4,9.338417053222656,8.466117858886719
laser,pso,5,9.217512130737305,8.50671672821045
laser,pso,6,9.011332511901855,7.858100891113281
laser,pso,7,8.817323684692383,7.373758316040039
laser,pso,8,9.631664276123047,7.504492282867432
laser,pso,9,8.815387725830078,7.502537250518799
laser,ga,0,9.42171859741211,8.716463088989258
laser,ga,1,9.347672462463379,8.52076530456543
laser,ga,2,9.173210144042969,8.51480770111084
laser,ga,3,9.92481803894043,8.91927433013916
laser,ga,4,10.844417572021484,9.293731689453125
laser,ga,5,10.511130332946777,8.97724723815918
laser,ga,6,9.654316902160645,8.877043724060059
laser,ga,7,10.034801483154297,8.551904678344727
laser,ga,8,10.189659118652344,8.384490013122559
laser,ga,9,9.513764381408691,8.318796157836914
laser,de,0,8.938693046569824,7.827277183532715
laser,de,1,8.836005210876465,7.887850284576416
laser,de,2,9.156310081481934,8.462701797485352
laser,de,3,9.717772483825684,8.864532470703125
laser,de,4,11.029840469360352,10.214516639709473
laser,de,5,10.504298210144043,8.631147384643555
laser,de,6,9.200551986694336,8.272043228149414
laser,de,7,10.116812705993652,8.64762020111084
laser,de,8,9.867484092712402,7.930403709411621
laser,de,9,10.003355026245117,9.010214805603027
laser,cmaes,0,10.423365592956543,10.276423454284668
laser,cmaes,1,10.51091194152832,9.461779594421387
laser,cmaes,2,9.931633949279785,9.658425331115723
laser,cmaes,3,11.601448059082031,10.967843055725098
laser,cmaes,4,12.548928260803223,11.218915939331055
laser,cmaes,5,12.155558586120605,11.095791816711426
laser,cmaes,6,10.613269805908203,9.963046073913574
laser,cmaes,7,11.356002807617188,9.957534790039062
laser,cmaes,8,11.470222473144531,9.922357559204102
laser,cmaes,9,11.319658279418945,10.018674850463867
abalone,adam,0,2.0679728984832764,2.117987871170044
abalone,adam,1,2.1155624389648438,2.1656134128570557
abalone,adam,2,2.17267107963562,2.2272074222564697
abalone,adam,3,2.396568775177002,2.3867509365081787
abalone,adam,4,2.3589377403259277,2.4051802158355713
abalone,adam,5,2.3417928218841553,2.4442992210388184
abalone,adam,6,2.2707698345184326,2.325009346008301
abalone,adam,7,2.085592746734619,2.1391985416412354
abalone,adam,8,2.1068546772003174,2.166516065597534
abalone,adam,9,2.085571050643921,2.137305736541748
abalone,sgd,0,2.172816753387451,2.2335171699523926
abalone,sgd,1,2.1895923614501953,2.2508935928344727
abalone,sgd,2,2.224997043609619,2.2536916732788086
abalone,sgd,3,2.690760374069214,2.7653563022613525
abalone,sgd,4,2.1954312324523926,2.2279319763183594
abalone,sgd,5,2.292325496673584,2.317746639251709
abalone,sgd,6,2.273102045059204,2.3783936500549316
abalone,sgd,7,2.2747528553009033,2.387794256210327
abalone,sgd,8,2.2454545497894287,2.3394429683685303
abalone,sgd,9,2.398040533065796,2.410844326019287
abalone,rmsprop,0,2.232602596282959,2.245692014694214
abalone,rmsprop,1,2.405027389526367,2.3893048763275146
abalone,rmsprop,2,2.244159698486328,2.2844040393829346
abalone,rmsprop,3,2.243497610092163,2.341953754425049
abalone,rmsprop,4,2.2763419151306152,2.310626268386841
abalone,rmsprop,5,2.7289860248565674,2.7301697731018066
abalone,rmsprop,6,2.1676931381225586,2.2208619117736816
abalone,rmsprop,7,2.3906307220458984,2.350128650665283
abalone,rmsprop,8,4.7180256843566895,5.658669948577881
abalone,rmsprop,9,2.248483419418335,2.255389928817749
abalone,pso,0,2.639442205429077,2.6662585735321045
abalone,pso,1,2.8057925701141357,2.8510560989379883
abalone,pso,2,2.7846624851226807,2.7950096130371094
abalone,pso,3,2.4918668270111084,2.609283208847046
abalone,pso,4,2.7520177364349365,2.781283140182495
abalone,pso,5,3.014909505844116,2.9704346656799316
abalone,pso,6,2.4152438640594482,2.468052625656128
abalone,pso,7,2.7757022380828857,2.801774263381958
abalone,pso,8,2.860494613647461,2.839386463165283
abalone,pso,9,2.309682846069336,2.372957706451416
abalone,ga,0,3.0086379051208496,3.000791072845459
abalone,ga,1,3.0937681198120117,3.087801218032837
abalone,ga,2,3.227299690246582,3.2740638256073
abalone,ga,3,3.0385069847106934,2.935753107070923
abalone,ga,4,3.4084489345550537,3.3945767879486084
abalone,ga,5,3.315507173538208,3.270472764968872
abalone,ga,6,3.0660738945007324,3.1166696548461914
abalone,ga,7,3.4231815338134766,3.4145538806915283
abalone,ga,8,2.8562941551208496,2.788092613220215
abalone,ga,9,2.7870259284973145,2.803532838821411
abalone,de,0,2.7430148124694824,2.7025146484375
abalone,de,1,2.6983349323272705,2.7592430114746094
abalone,de,2,2.7447071075439453,2.8030407428741455
abalone,de,3,2.8825595378875732,3.040942668914795
abalone,de,4,2.894413709640503,2.9433376789093018
abalone,de,5,3.033414125442505,3.0466229915618896
abalone,de,6,3.1247427463531494,3.117309808731079
abalone,de,7,3.03914475440979,2.9447410106658936
abalone,de,8,3.0818097591400146,3.0321497917175293
abalone,de,9,2.7401926517486572,2.750636339187622
abalone,cmaes,0,4.196943283081055,4.12657356262207
abalone,cmaes,1,4.138087272644043,4.087960243225098
abalone,cmaes,2,4.098273754119873,4.1696553230285645
abalone,cmaes,3,4.148723602294922,4.227785110473633
abalone,cmaes,4,3.7858197689056396,3.8557937145233154
abalone,cmaes,5,4.164867877960205,4.175384521484375
abalone,cmaes,6,4.968660831451416,4.881806373596191
abalone,cmaes,7,3.707986354827881,3.6795647144317627
abalone,cmaes,8,3.9123222827911377,3.811485528945923
abalone,cmaes,9,3.4483232498168945,3.4140474796295166
concrete,adam,0,10.482268333435059,10.981359481811523
concrete,adam,1,10.3129243850708,10.928946495056152
concrete,adam,2,10.198311805725098,10.877169609069824
concrete,adam,3,10.228827476501465,11.001886367797852
concrete,adam,4,10.107070922851562,10.880670547485352
concrete,adam,5,10.945569038391113,11.256343841552734
concrete,adam,6,10.384063720703125,11.199970245361328
concrete,adam,7,10.265060424804688,11.054795265197754
concrete,adam,8,10.58590030670166,11.034696578979492
concrete,adam,9,10.83897590637207,11.381329536437988
concrete,sgd,0,11.578817367553711,11.958955764770508
concrete,sgd,1,11.185739517211914,11.71774959564209
concrete,sgd,2,11.247608184814453,11.760183334350586
concrete,sgd,3,11.26839542388916,11.836503982543945
concrete,sgd,4,11.036723136901855,11.674032211303711
concrete,sgd,5,11.803274154663086,12.016329765319824
concrete,sgd,6,11.437946319580078,12.089571952819824
concrete,sgd,7,11.278266906738281,11.980931282043457
concrete,sgd,8,11.464723587036133,11.672303199768066
concrete,sgd,9,11.77944278717041,12.115437507629395
concrete,rmsprop,0,12.334856033325195,12.427597045898438
concrete,rmsprop,1,12.023372650146484,12.417208671569824
concrete,rmsprop,2,11.905874252319336,12.422860145568848
concrete,rmsprop,3,11.908231735229492,12.480766296386719
concrete,rmsprop,4,11.771920204162598,12.12791919708252
concrete,rmsprop,5,12.442889213562012,12.551575660705566
concrete,rmsprop,6,12.163691520690918,12.509997367858887
concrete,rmsprop,7,12.103165626525879,12.398749351501465
concrete,rmsprop,8,12.328451156616211,12.382097244262695
concrete,rmsprop,9,12.595677375793457,12.648555755615234
concrete,pso,0,11.408411979675293,11.330047607421875
concrete,pso,1,11.402383804321289,12.029974937438965
concrete,pso,2,10.996442794799805,11.714094161987305
concrete,pso,3,11.206693649291992,11.844204902648926
concrete,pso,4,11.182714462280273,11.402749061584473
concrete,pso,5,11.856438636779785,11.763835906982422
concrete,pso,6,11.2770414352417,11.973262786865234
concrete,pso,7,11.171892166137695,11.98100757598877
concrete,pso,8,11.09475040435791,11.262467384338379
concrete,pso,9,11.73031234741211,12.126382827758789
concrete,ga,0,11.956581115722656,12.287785530090332
concrete,ga,1,11.290838241577148,11.862479209899902
concrete,ga,2,11.520700454711914,11.888777732849121
concrete,ga,3,11.545934677124023,12.054795265197754
concrete,ga,4,10.992169380187988,11.368363380432129
concrete,ga,5,11.824899673461914,11.875568389892578
concrete,ga,6,11.505386352539062,11.996655464172363
concrete,ga,7,11.302821159362793,11.992854118347168
concrete,ga,8,11.698594093322754,12.09892463684082
concrete,ga,9,11.920927047729492,12.279516220092773
concrete,de,0,11.670844078063965,12.237380981445312
concrete,de,1,11.539209365844727,12.231114387512207
concrete,de,2,11.194608688354492,11.572745323181152
concrete,de,3,11.238059043884277,11.554078102111816
concrete,de,4,11.056252479553223,11.779951095581055
concrete,de,5,11.937246322631836,12.114230155944824
concrete,de,6,11.2008638381958,11.422879219055176
concrete,de,7,11.639819145202637,12.250113487243652
concrete,de,8,11.325733184814453,11.459588050842285
concrete,de,9,11.911486625671387,11.955520629882812
concrete,cmaes,0,12.30449104309082,12.388022422790527
concrete,cmaes,1,11.79026985168457,12.377669334411621
concrete,cmaes,2,11.935101509094238,12.377607345581055
concrete,cmaes,3,11.873190879821777,12.365995407104492
concrete,cmaes,4,11.843124389648438,12.208328247070312
concrete,cmaes,5,12.530941009521484,12.6725435256958
concrete,cmaes,6,12.10176944732666,12.610701560974121
concrete,cmaes,7,12.001093864440918,12.419890403747559
concrete,cmaes,8,12.328481674194336,12.397416114807129
concrete,cmaes,9,12.34282398223877,12.639053344726562
ankara,adam,0,2.312023401260376,2.4357926845550537
ankara,adam,1,2.5312023162841797,2.6815688610076904
ankara,adam,2,2.293673515319824,2.483949899673462
ankara,adam,3,2.9875948429107666,2.860814094543457
ankara,adam,4,2.3114280700683594,2.5077691078186035
ankara,adam,5,2.550457715988159,2.405489206314087
ankara,adam,6,2.4232122898101807,2.530545711517334
ankara,adam,7,2.608981132507324,2.468005657196045
ankara,adam,8,2.5077764987945557,2.7327492237091064
ankara,adam,9,2.575727939605713,2.4110002517700195
ankara,sgd,0,4.229465007781982,4.714893341064453
ankara,sgd,1,4.6463117599487305,5.221417427062988
ankara,sgd,2,4.173923969268799,4.626608848571777
ankara,sgd,3,4.99065637588501,5.44566011428833
ankara,sgd,4,4.207794189453125,4.6833624839782715
ankara,sgd,5,4.309929370880127,4.776064395904541
ankara,sgd,6,4.282041072845459,4.753220081329346
ankara,sgd,7,4.432262897491455,4.884074687957764
ankara,sgd,8,4.883731842041016,5.319300651550293
ankara,sgd,9,4.416182041168213,4.875945091247559
ankara,rmsprop,0,5.982287406921387,6.460213661193848
ankara,rmsprop,1,6.473457336425781,7.0516839027404785
ankara,rmsprop,2,5.9012451171875,6.32138729095459
ankara,rmsprop,3,6.827099800109863,7.237685203552246
ankara,rmsprop,4,5.969544410705566,6.433269023895264
ankara,rmsprop,5,6.009023189544678,6.442237377166748
ankara,rmsprop,6,5.99758243560791,6.436911582946777
ankara,rmsprop,7,6.15086030960083,6.591803550720215
ankara,rmsprop,8,6.779270172119141,7.169666767120361
ankara,rmsprop,9,6.132646560668945,6.572958469390869
ankara,pso,0,3.054586887359619,2.8402304649353027
ankara,pso,1,3.3623759746551514,2.8046915531158447
ankara,pso,2,3.0494322776794434,3.058598518371582
ankara,pso,3,3.4384567737579346,3.9083709716796875
ankara,pso,4,3.428690195083618,2.9886410236358643
ankara,pso,5,2.8661952018737793,2.895188570022583
ankara,pso,6,3.0960748195648193,2.9490766525268555
ankara,pso,7,3.659919500350952,3.889408588409424
ankara,pso,8,3.4052507877349854,3.2174432277679443
ankara,pso,9,3.1105315685272217,2.9488162994384766
ankara,ga,0,4.230027675628662,4.75452995300293
ankara,ga,1,4.545680046081543,4.9711103439331055
ankara,ga,2,4.080208778381348,4.513955593109131
ankara,ga,3,4.9329938888549805,5.3214945793151855
ankara,ga,4,3.663346767425537,3.920332670211792
ankara,ga,5,4.212390899658203,4.5953850746154785
ankara,ga,6,4.29764986038208,4.643460273742676
ankara,ga,7,4.353656768798828,4.619107723236084
ankara,ga,8,4.8886494636535645,5.2693047523498535
ankara,ga,9,4.225579261779785,4.820558547973633
ankara,de,0,3.553415060043335,3.753248453140259
ankara,de,1,3.5856752395629883,3.8641197681427
ankara,de,2,3.18015193939209,3.306382417678833
ankara,de,3,3.7680182456970215,3.6544809341430664
ankara,de,4,3.8653931617736816,3.938004493713379
ankara,de,5,3.6198511123657227,3.9142239093780518
ankara,de,6,3.305665969848633,3.4975078105926514
ankara,de,7,3.216923236846924,3.5983726978302
ankara,de,8,3.1840267181396484,3.252634286880493
ankara,de,9,3.799154758453369,3.797842025756836
ankara,cmaes,0,5.432085990905762,5.774842739105225
ankara,cmaes,1,5.786258697509766,6.407459735870361
ankara,cmaes,2,5.088624477386475,5.379626750946045
ankara,cmaes,3,5.968074798583984,6.244586944580078
ankara,cmaes,4,5.476309776306152,6.019186019897461
ankara,cmaes,5,5.467395305633545,5.959697723388672
ankara,cmaes,6,5.097805500030518,5.69943904876709
ankara,cmaes,7,5.515987873077393,5.871805191040039
ankara,cmaes,8,5.985784530639648,6.482293128967285
ankara,cmaes,9,5.535238265991211,5.875002384185791
izmir,adam,0,2.5423569679260254,2.4476850032806396
izmir,adam,1,3.2948055267333984,3.249884843826294
izmir,adam,2,3.141150712966919,3.1929073333740234
izmir,adam,3,2.091611862182617,3.652141571044922
izmir,adam,4,2.838499069213867,2.742370367050171
izmir,adam,5,3.227644920349121,3.1497294902801514
izmir,adam,6,2.6102585792541504,2.503582239151001
izmir,adam,7,2.0312721729278564,2.0519471168518066
izmir,adam,8,2.0974817276000977,5.409432888031006
izmir,adam,9,2.185084819793701,2.1289124488830566
izmir,sgd,0,3.6872339248657227,3.6447112560272217
izmir,sgd,1,3.0884063243865967,2.964142322540283
izmir,sgd,2,3.1505980491638184,3.1487348079681396
izmir,sgd,3,3.543137788772583,3.4362282752990723
izmir,sgd,4,3.0197935104370117,2.8112101554870605
izmir,sgd,5,3.0328660011291504,2.889439105987549
izmir,sgd,6,3.4389870166778564,3.3135483264923096
izmir,sgd,7,3.442446231842041,3.383873701095581
izmir,sgd,8,3.302550792694092,3.3015236854553223
izmir,sgd,9,3.423668622970581,3.190462350845337
izmir,rmsprop,0,5.000669956207275,5.019779682159424
izmir,rmsprop,1,4.3520073890686035,4.186397552490234
izmir,rmsprop,2,4.425441741943359,4.524600505828857
izmir,rmsprop,3,4.917236328125,4.900973796844482
izmir,rmsprop,4,4.299503326416016,4.16889762878418
izmir,rmsprop,5,4.314006805419922,4.153989315032959
izmir,rmsprop,6,4.568750858306885,4.521989822387695
izmir,rmsprop,7,4.653140544891357,4.620339393615723
izmir,rmsprop,8,4.5179667472839355,4.578141212463379
izmir,rmsprop,9,4.663934230804443,4.654138565063477
izmir,pso,0,2.9003121852874756,2.944597005844116
izmir,pso,1,2.313422918319702,2.3309836387634277
izmir,pso,2,2.6149778366088867,2.746110677719116
izmir,pso,3,2.6974992752075195,2.455451726913452
izmir,pso,4,2.39189076423645,2.322826862335205
izmir,pso,5,2.995403289794922,3.1003258228302
izmir,pso,6,2.844250202178955,2.7471108436584473
izmir,pso,7,2.3586249351501465,2.3194258213043213
izmir,pso,8,2.539738893508911,2.4666025638580322
izmir,pso,9,2.909898042678833,2.9407472610473633
izmir,ga,0,4.319006443023682,4.229328632354736
izmir,ga,1,3.9216198921203613,3.757622003555298
izmir,ga,2,4.130392074584961,4.087740421295166
izmir,ga,3,4.3211236000061035,4.301278114318848
izmir,ga,4,3.463580846786499,3.3084664344787598
izmir,ga,5,3.551462411880493,3.526116371154785
izmir,ga,6,3.842148780822754,3.8585941791534424
izmir,ga,7,3.7969908714294434,3.643864870071411
izmir,ga,8,3.7271931171417236,3.832998752593994
izmir,ga,9,3.6870763301849365,3.602691411972046
izmir,de,0,4.252903461456299,4.188370704650879
izmir,de,1,3.4515140056610107,3.4553093910217285
izmir,de,2,3.5276639461517334,3.4541468620300293
izmir,de,3,4.0491156578063965,3.7973244190216064
izmir,de,4,2.898064374923706,2.853271245956421
izmir,de,5,3.3834609985351562,3.172391891479492
izmir,de,6,3.1036226749420166,3.0374093055725098
izmir,de,7,3.3610780239105225,3.347996473312378
izmir,de,8,3.55631160736084,3.5115933418273926
izmir,de,9,3.672740936279297,3.4731557369232178
izmir,cmaes,0,4.616883754730225,4.517883777618408
izmir,cmaes,1,4.571008205413818,4.443039417266846
izmir,cmaes,2,4.3007330894470215,4.358068466186523
izmir,cmaes,3,5.146977424621582,4.972942352294922
izmir,cmaes,4,3.915578842163086,3.775726318359375
izmir,cmaes,5,4.639449596405029,4.24823522567749
izmir,cmaes,6,4.551783084869385,4.361011981964111
izmir,cmaes,7,4.302929878234863,4.162031650543213
izmir,cmaes,8,4.747170925140381,4.749650478363037
izmir,cmaes,9,3.96993350982666,3.8901846408843994
baseball,adam,0,799.6122436523438,773.843994140625
baseball,adam,1,777.7188110351562,762.1845092773438
baseball,adam,2,758.8489990234375,750.2864379882812
baseball,adam,3,795.2095336914062,775.5308837890625
baseball,adam,4,848.6268310546875,813.5564575195312
baseball,adam,5,784.1939086914062,726.5069580078125
baseball,adam,6,790.4122924804688,754.17578125
baseball,adam,7,806.0051879882812,776.2899780273438
baseball,adam,8,779.4461059570312,760.2387084960938
baseball,adam,9,777.43115234375,763.339111328125
baseball,sgd,0,859.5556640625,817.8206787109375
baseball,sgd,1,847.7130737304688,786.6144409179688
baseball,sgd,2,843.9007568359375,777.1348266601562
baseball,sgd,3,867.65869140625,781.6139526367188
baseball,sgd,4,912.8277587890625,862.01123046875
baseball,sgd,5,850.0396728515625,786.8658447265625
baseball,sgd,6,844.674072265625,777.5990600585938
baseball,sgd,7,866.8970947265625,778.9459228515625
baseball,sgd,8,829.84375,783.9429321289062
baseball,sgd,9,844.3765869140625,774.2360229492188
baseball,rmsprop,0,901.3533325195312,810.2927856445312
baseball,rmsprop,1,887.539794921875,797.2037353515625
baseball,rmsprop,2,874.6036376953125,799.252685546875
baseball,rmsprop,3,895.4068603515625,796.9727783203125
baseball,rmsprop,4,957.673095703125,871.7372436523438
baseball,rmsprop,5,887.5652465820312,811.361328125
baseball,rmsprop,6,891.59326171875,810.355712890625
baseball,rmsprop,7,900.429931640625,798.9417724609375
baseball,rmsprop,8,879.332275390625,811.2763061523438
baseball,rmsprop,9,883.5615234375,793.0693969726562
baseball,pso,0,864.9650268554688,780.0496826171875
baseball,pso,1,825.9240112304688,790.889404296875
baseball,pso,2,827.5828857421875,784.1776123046875
baseball,pso,3,855.5391235351562,776.94384765625
baseball,pso,4,861.6953125,834.5631103515625
baseball,pso,5,826.0907592773438,786.2547607421875
baseball,pso,6,846.4537353515625,777.7477416992188
baseball,pso,7,863.0044555664062,791.4382934570312
baseball,pso,8,831.9347534179688,789.1824951171875
baseball,pso,9,842.2825927734375,779.205810546875
baseball,ga,0,875.7281494140625,800.2175903320312
baseball,ga,1,843.094482421875,784.8084106445312
baseball,ga,2,836.384521484375,786.5260009765625
baseball,ga,3,860.7415771484375,786.7144775390625
baseball,ga,4,892.504638671875,845.7879638671875
baseball,ga,5,849.3203125,798.5811157226562
baseball,ga,6,841.3602294921875,776.1384887695312
baseball,ga,7,863.5198364257812,776.6864013671875
baseball,ga,8,837.7081909179688,760.0986938476562
baseball,ga,9,842.1414794921875,770.0911865234375
baseball,de,0,870.5916137695312,821.645263671875
baseball,de,1,824.7222900390625,790.6964721679688
baseball,de,2,850.6436157226562,769.5458374023438
baseball,de,3,860.546630859375,769.0884399414062
baseball,de,4,892.0601196289062,853.7965698242188
baseball,de,5,845.7871704101562,811.3848876953125
baseball,de,6,854.7166137695312,778.44775390625
baseball,de,7,870.0421142578125,793.7701416015625
baseball,de,8,840.2288208007812,758.2584228515625
baseball,de,9,843.3654174804688,844.4976196289062
baseball,cmaes,0,897.5733642578125,856.0536499023438
baseball,cmaes,1,893.2070922851562,802.3681640625
baseball,cmaes,2,872.0875244140625,845.5567626953125
baseball,cmaes,3,898.9733276367188,802.97119140625
baseball,cmaes,4,933.3588256835938,858.9358520507812
baseball,cmaes,5,886.0988159179688,840.2664184570312
baseball,cmaes,6,885.33642578125,813.2473754882812
baseball,cmaes,7,891.7757568359375,810.5005493164062
baseball,cmaes,8,869.83837890625,816.6128540039062
baseball,cmaes,9,852.8858032226562,813.8822021484375
treasury,adam,0,1.271802306175232,1.2187901735305786
treasury,adam,1,1.264844536781311,1.2182257175445557
treasury,adam,2,1.2804540395736694,1.2749048471450806
treasury,adam,3,1.2479987144470215,1.244655966758728
treasury,adam,4,1.2724536657333374,1.2498492002487183
treasury,adam,5,1.2911802530288696,1.2784159183502197
treasury,adam,6,1.2614479064941406,1.1949496269226074
treasury,adam,7,1.2583659887313843,1.2179136276245117
treasury,adam,8,1.2647210359573364,1.2411298751831055
treasury,adam,9,1.2711639404296875,1.2755144834518433
treasury,sgd,0,1.1757934093475342,1.0894765853881836
treasury,sgd,1,1.1661698818206787,1.0889326333999634
treasury,sgd,2,1.1768693923950195,1.079249620437622
treasury,sgd,3,1.0993622541427612,0.9890498518943787
treasury,sgd,4,1.1254979372024536,1.0563287734985352
treasury,sgd,5,1.184362530708313,1.0989400148391724
treasury,sgd,6,1.1434557437896729,1.049851655960083
treasury,sgd,7,1.1180596351623535,1.0164939165115356
treasury,sgd,8,1.1229798793792725,1.0561178922653198
treasury,sgd,9,1.1097277402877808,1.0138161182403564
treasury,rmsprop,0,1.4295653104782104,1.3277441263198853
treasury,rmsprop,1,1.4341151714324951,1.330100178718567
treasury,rmsprop,2,1.4310286045074463,1.3201324939727783
treasury,rmsprop,3,1.3765933513641357,1.2234976291656494
treasury,rmsprop,4,1.3836790323257446,1.2472883462905884
treasury,rmsprop,5,1.433742642402649,1.3343621492385864
treasury,rmsprop,6,1.3683878183364868,1.3125331401824951
treasury,rmsprop,7,1.4173029661178589,1.2920928001403809
treasury,rmsprop,8,1.4306144714355469,1.3396883010864258
treasury,rmsprop,9,1.4162474870681763,1.303403377532959
treasury,pso,0,1.3426192998886108,1.22987961769104
treasury,pso,1,1.4180700778961182,1.4541670083999634
treasury,pso,2,1.2040607929229736,1.2036616802215576
treasury,pso,3,1.340164303779602,1.237432837486267
treasury,pso,4,1.2778795957565308,1.198176383972168
treasury,pso,5,1.364084005355835,1.2383700609207153
treasury,pso,6,1.2374508380889893,1.1869621276855469
treasury,pso,7,1.4055063724517822,1.2968662977218628
treasury,pso,8,1.3527181148529053,1.2505873441696167
treasury,pso,9,1.3925230503082275,1.259143590927124
treasury,ga,0,1.4940861463546753,1.3864998817443848
treasury,ga,1,1.446427822113037,1.343841791152954
treasury,ga,2,1.3362643718719482,1.308566927909851
treasury,ga,3,1.2721121311187744,1.2444218397140503
treasury,ga,4,1.413204312324524,1.477103590965271
treasury,ga,5,1.507288932800293,1.4452409744262695
treasury,ga,6,1.334252953529358,1.2770788669586182
treasury,ga,7,1.2735475301742554,1.1484618186950684
treasury,ga,8,1.3999637365341187,1.2154760360717773
treasury,ga,9,1.4107446670532227,1.2788127660751343
treasury,de,0,1.3570148944854736,1.2710353136062622
treasury,de,1,1.5743335485458374,1.458974838256836
treasury,de,2,1.5908952951431274,1.45476233959198
treasury,de,3,1.3320658206939697,1.2193551063537598
treasury,de,4,1.3088399171829224,1.155623435974121
treasury,de,5,1.5059783458709717,1.420407772064209
treasury,de,6,1.5125644207000732,1.4296839237213135
treasury,de,7,1.557552456855774,1.4241594076156616
treasury,de,8,1.5332634449005127,1.5163112878799438
treasury,de,9,1.5531067848205566,1.4267367124557495
treasury,cmaes,0,1.5069698095321655,1.3979188203811646
treasury,cmaes,1,1.5743335485458374,1.458974838256836
treasury,cmaes,2,1.5219448804855347,1.750966191291809
treasury,cmaes,3,1.438875675201416,1.2830407619476318
treasury,cmaes,4,1.43398916721344,1.322632908821106
treasury,cmaes,5,1.572928786277771,1.497111201286316
treasury,cmaes,6,1.4539499282836914,1.3855315446853638
treasury,cmaes,7,1.5101205110549927,1.3516380786895752
treasury,cmaes,8,1.5184966325759888,1.4297106266021729
treasury,cmaes,9,1.5531067848205566,1.4267367124557495
wine,adam,0,0.3273763358592987,0.5399672389030457
wine,adam,1,0.23100432753562927,0.0968468114733696
wine,adam,2,0.2493222951889038,0.17685213685035706
wine,adam,3,0.21789057552814484,0.11388293653726578
wine,adam,4,0.21627289056777954,0.16727879643440247
wine,adam,5,0.24873457849025726,0.17786088585853577
wine,adam,6,0.22619856894016266,0.23477812111377716
wine,adam,7,0.2817617952823639,0.11238086223602295
wine,adam,8,0.2558932304382324,0.190018892288208
wine,adam,9,0.24225309491157532,0.16316412389278412
wine,sgd,0,0.5270338654518127,0.6396430730819702
wine,sgd,1,0.5249782204627991,0.6419433355331421
wine,sgd,2,0.524619996547699,0.6423732042312622
wine,sgd,3,0.5028297305107117,0.5921276211738586
wine,sgd,4,0.5214901566505432,0.641761064529419
wine,sgd,5,0.5234048366546631,0.6428539752960205
wine,sgd,6,0.5221356153488159,0.6460797190666199
wine,sgd,7,0.52205890417099,0.6422321796417236
wine,sgd,8,0.5254075527191162,0.6403511166572571
wine,sgd,9,0.5229112505912781,0.6422234177589417
wine,rmsprop,0,0.5189625024795532,0.6136115789413452
wine,rmsprop,1,0.519320011138916,0.6204606890678406
wine,rmsprop,2,0.5198965072631836,0.6222319602966309
wine,rmsprop,3,0.5112988948822021,0.6105402708053589
wine,rmsprop,4,0.5152059197425842,0.6214708685874939
wine,rmsprop,5,0.5189162492752075,0.6214359402656555
wine,rmsprop,6,0.5164957046508789,0.624176561832428
wine,rmsprop,7,0.5160728693008423,0.6223413348197937
wine,rmsprop,8,0.5193787217140198,0.6145613789558411
wine,rmsprop,9,0.5188803672790527,0.621276319026947
wine,pso,0,0.30329814553260803,0.2061803936958313
wine,pso,1,0.32945162057876587,0.34969791769981384
wine,pso,2,0.34497058391571045,0.3359319865703583
wine,pso,3,0.34519949555397034,0.354133665561676
wine,pso,4,0.3096138834953308,0.2493143528699875
wine,pso,5,0.35551145672798157,0.3163059651851654
wine,pso,6,0.3787476420402527,0.36183300614356995
wine,pso,7,0.2789006233215332,0.24302077293395996
wine,pso,8,0.35895848274230957,0.3488188683986664
wine,pso,9,0.3988558351993561,0.4368326663970947
wine,ga,0,0.42894238233566284,0.423659086227417
wine,ga,1,0.39097508788108826,0.3865741789340973
wine,ga,2,0.4177455008029938,0.38977816700935364
wine,ga,3,0.39066269993782043,0.3884292542934418
wine,ga,4,0.3983209431171417,0.4256683886051178
wine,ga,5,0.4176623225212097,0.4342183470726013
wine,ga,6,0.4149254560470581,0.42019614577293396
wine,ga,7,0.40571919083595276,0.38612696528434753
wine,ga,8,0.4018753468990326,0.3728076219558716
wine,ga,9,0.3817543387413025,0.3381407856941223
wine,de,0,0.34570467472076416,0.2113977074623108
wine,de,1,0.37262260913848877,0.3951431214809418
wine,de,2,0.4136684536933899,0.416905015707016
wine,de,3,0.370237797498703,0.36929503083229065
wine,de,4,0.36056384444236755,0.35096028447151184
wine,de,5,0.39854463934898376,0.3658389449119568
wine,de,6,0.36152198910713196,0.38631471991539
wine,de,7,0.4251570701599121,0.40777501463890076
wine,de,8,0.3690495193004608,0.35032615065574646
wine,de,9,0.3748226761817932,0.32517409324645996
wine,cmaes,0,0.48748400807380676,0.5244086980819702
wine,cmaes,1,0.4721274673938751,0.5579777359962463
wine,cmaes,2,0.4860594570636749,0.5876953601837158
wine,cmaes,3,0.4616234302520752,0.5257640480995178
wine,cmaes,4,0.47467440366744995,0.5376715064048767
wine,cmaes,5,0.49663373827934265,0.552371621131897
wine,cmaes,6,0.4846612215042114,0.5723745226860046
wine,cmaes,7,0.47596386075019836,0.6028193235397339
wine,cmaes,8,0.47742703557014465,0.4860682785511017
wine,cmaes,9,0.48170334100723267,0.5461902022361755

